,0,1,2,0
0,8-20s,itr1,Node 2,"[2127, 3303, 2470, 3602, 2575, 3414, 5598, 6144, 6270, 4766, 4649, 6081, 1644, 3152, 840]"
1,8-20s,itr1,Node 3,"[9533, 16379, 4624, 12472, 3273, 7850]"
2,8-20s,itr1,Node 1,"[2127, 3303, 2470, 3602, 2575, 3414, 6270, 5454, 4766, 1644, 5648, 3152, 840]"
3,8-20s,itr1,Node4,"[2127, 3303, 2470, 3602, 2575, 3414, 3101, 6144, 6270, 4766, 201, 5648, 3152, 840]"
4,8-20s,itr1,Node5,"[2127, 3303, 2470, 3602, 2575, 3414, 6237, 5454, 4766, 4649, 5648, 1644, 3152, 840]"
5,8-20s,itr2,Node5,"[3263, 4260, 3808, 2293, 1053, 1289, 1104, 1119, 1682, 772, 4797, 940]"
6,8-20s,itr2,Node4,"[3423, 3263, 4260, 2293, 3808, 1053, 4370, 1289, 1104, 1119, 1682, 772, 4797, 940]"
7,8-20s,itr2,Node 3,"[4456, 3263, 4260, 3904, 2293, 1053, 3185, 1104, 1119, 1682, 772, 4797, 940]"
8,8-20s,itr2,Node 2,"[3302, 3263, 4260, 4517, 3808, 1053, 4370, 1289, 1104, 1119, 1682, 772, 940]"
9,8-20s,itr2,Node 1,"[3302, 3263, 4456, 4260, 3904, 2293, 1053, 1433, 1104, 1119, 1682, 772, 118, 940]"
10,8-20s,itr3,Node5,"[3831, 4611, 4940, 6426, 2856, 3352, 2016, 2694, 810, 1423, 3216, 388, 420]"
11,8-20s,itr3,Node 2,"[3831, 4611, 6426, 2856, 3352, 2016, 2694, 810, 2332, 1423, 3216, 388, 420]"
12,8-20s,itr3,Node4,"[3831, 3884, 4940, 6426, 2856, 3352, 2016, 2694, 810, 2332, 1423, 3216, 388, 420]"
13,8-20s,itr3,Node 3,"[3831, 4940, 4611, 6426, 2856, 2016, 810, 2332, 1423, 3216, 388, 420]"
14,8-20s,itr3,Node 1,"[3831, 4632, 4611, 6426, 2856, 3352, 2016, 2694, 810, 2332, 1423, 3216, 388, 420]"
15,8-20s,itr4,Node4,"[2302, 3021, 4353, 2076, 1187, 2849, 1871, 1239, 765, 1756, 5925, 5925, 863]"
16,8-20s,itr4,Node5,"[6404, 3021, 4353, 1187, 2076, 2849, 1871, 1239, 765, 1756, 1846, 5925, 863]"
17,8-20s,itr4,Node 2,"[4134, 3021, 2302, 4353, 5365, 2497, 2076, 2849, 1871, 1037, 1239, 765, 1756, 1846, 5925, 863]"
18,8-20s,itr4,Node 3,"[4134, 3021, 4353, 2497, 5365, 2076, 2849, 1239, 1037, 765, 1756, 1846, 5925, 863]"
19,8-20s,itr4,Node 1,"[4134, 3021, 4353, 2497, 6103, 2076, 2849, 1871, 1239, 765, 1756, 5925, 5925, 863]"
20,8-20s,itr5,Node5,"[4002, 2100, 2476, 3896, 656, 5582, 533, 2207, 1785, 4753, 8, 4]"
21,8-20s,itr5,Node4,"[4002, 3096, 2100, 2476, 656, 1382, 5582, 533, 240, 1785, 4753, 8, 4]"
22,8-20s,itr5,Node 1,"[4002, 3096, 2100, 2476, 3896, 5582, 533, 6261, 1785, 4753, 8, 4]"
23,8-20s,itr5,Node 2,"[4002, 3096, 2100, 2476, 1382, 656, 5582, 533, 242, 1785, 4753, 8, 4]"
24,8-20s,itr5,Node 3,"[4002, 3096, 2100, 2476, 3896, 656, 5582, 533, 1785, 2207, 4753, 8, 4]"
25,8-20s,itr6,Node4,"[2872, 5225, 1280, 2038, 947, 1952, 5674, 1169, 2319, 191, 2064, 249]"
26,8-20s,itr6,Node5,"[2872, 5225, 2929, 6637, 1280, 947, 4729, 1952, 516, 1169, 2319, 191, 2064, 249]"
27,8-20s,itr6,Node 2,"[2872, 5225, 5279, 2929, 1280, 4729, 947, 1952, 5674, 1169, 2319, 191, 2064, 249]"
28,8-20s,itr6,Node 3,"[2872, 5225, 6637, 2929, 1280, 7086, 4729, 1952, 1169, 516, 2319, 191, 2064, 249]"
29,8-20s,itr6,Node 1,"[2872, 5225, 2929, 1280, 6712, 5559, 4729, 1952, 5674, 1169, 2319, 191, 2064, 249]"
30,8-20s,itr7,Node5,"[4152, 5943, 3838, 1663, 2316, 5540, 1034, 666, 699, 5464]"
31,8-20s,itr7,Node4,"[6424, 4152, 5943, 3838, 1301, 2316, 5540, 1034, 452, 666, 5464]"
32,8-20s,itr7,Node 2,"[4152, 6424, 5943, 3838, 1434, 2316, 5540, 1034, 699, 666, 5464]"
33,8-20s,itr7,Node 1,"[4152, 5943, 3838, 5925, 2316, 5540, 1034, 6149, 666, 5464]"
34,8-20s,itr7,Node 3,"[4152, 5943, 3838, 2316, 1434, 5540, 1034, 644, 666, 5464]"
35,8-20s,itr8,Node4,"[3087, 5836, 1765, 6584, 819, 598, 585, 6218, 581, 482, 281, 5821]"
36,8-20s,itr8,Node5,"[3087, 5836, 1765, 6584, 819, 617, 585, 6218, 581, 363, 482, 5821]"
37,8-20s,itr8,Node 2,"[3087, 5836, 1765, 819, 628, 598, 6218, 581, 281, 482, 5821]"
38,8-20s,itr8,Node 1,"[3087, 5836, 1765, 6584, 819, 5926, 585, 6218, 581, 5932, 482, 5821]"
39,8-20s,itr8,Node 3,"[3087, 5836, 1765, 6584, 819, 585, 598, 6218, 581, 31, 482, 5821]"
40,8-20s,itr9,Node5,"[4368, 3521, 4016, 3285, 1122, 1627, 804, 1112, 1925, 4830, 2228, 1062, 216]"
41,8-20s,itr9,Node4,"[4368, 3521, 4016, 3285, 6723, 1122, 1627, 804, 6811, 5925, 1925, 4830, 2228, 1062, 216]"
42,8-20s,itr9,Node 3,"[3521, 3311, 4016, 3285, 1122, 1627, 804, 6811, 5925, 4830, 2228, 1062, 216]"
43,8-20s,itr9,Node 2,"[4335, 3521, 4016, 3285, 1122, 1627, 804, 1925, 5925, 4830, 2228, 1062, 216]"
44,8-20s,itr9,Node 1,"[4368, 3311, 3521, 4016, 3285, 1122, 1627, 804, 1647, 1925, 4830, 2228, 1062, 216]"
45,8-20s,itr10,Node5,"[1774, 6182, 1986, 4648, 594, 5925, 2468, 5210, 2028, 663, 173, 776, 116, 1617]"
46,8-20s,itr10,Node4,"[6473, 4137, 6182, 1986, 1533, 594, 3127, 2468, 5210, 663, 630, 173, 776, 116, 1617]"
47,8-20s,itr10,Node 3,"[4137, 6473, 6182, 1986, 1646, 594, 2468, 5210, 2028, 663, 173, 776, 116, 1617]"
48,8-20s,itr10,Node 2,"[4137, 6182, 1774, 1986, 5384, 4648, 2468, 3127, 5210, 2028, 663, 173, 776, 116, 1617]"
49,8-20s,itr10,Node 1,"[6422, 6473, 6182, 1986, 594, 4648, 2468, 5210, 630, 663, 173, 776, 116, 1617]"
50,16-20s,itr1,Node4,"[1890, 3400, 1946, 3603, 4023, 1544, 498, 1140, 953, 444, 713, 734, 551, 891, 3, 1321, 2576, 802]"
51,16-20s,itr1,Node5,"[1890, 3400, 1946, 7190, 3603, 4023, 9192, 1544, 5871, 1140, 953, 444, 713, 734, 551, 891, 3, 3327, 1321, 2576, 802]"
52,16-20s,itr1,Node 2,"[1890, 3400, 1946, 3603, 7190, 4023, 5967, 9192, 1544, 1140, 934, 953, 444, 734, 551, 891, 3, 3327, 1321, 2576, 802]"
53,16-20s,itr1,Node 1,"[1890, 3400, 1946, 4023, 9192, 1544, 5871, 1140, 953, 444, 713, 734, 551, 891, 3, 1321, 2576, 802]"
54,16-20s,itr1,Node 3,"[1890, 3400, 1946, 3603, 4023, 5606, 9192, 1544, 934, 953, 444, 713, 734, 551, 891, 3, 3327, 2576, 802]"
55,16-20s,itr2,Node5,"[2996, 3057, 4324, 1706, 741, 2638, 723, 1701, 2011, 503, 1627, 474, 3439, 272, 4305]"
56,16-20s,itr2,Node4,"[2996, 3057, 957, 1706, 741, 2638, 723, 1701, 2011, 503, 474, 82, 272, 4305]"
57,16-20s,itr2,Node 2,"[2996, 3057, 5319, 741, 2638, 723, 1701, 2011, 503, 1627, 474, 3439, 272, 4305]"
58,16-20s,itr2,Node 3,"[2996, 3057, 1319, 1706, 741, 2638, 723, 1701, 503, 1627, 474, 272, 82, 4305]"
59,16-20s,itr2,Node 1,"[2996, 3057, 1706, 4324, 741, 723, 1701, 2011, 503, 1627, 474, 3439, 272, 4305]"
60,16-20s,itr3,Node5,"[2757, 3158, 2059, 2033, 1902, 1598, 1669, 1244, 1442, 1836, 519, 3184, 1839, 670, 371, 1945, 1565]"
61,16-20s,itr3,Node4,"[2757, 2169, 3158, 2059, 2033, 1902, 1669, 195, 1244, 1442, 472, 1836, 519, 3184, 670, 2285, 371, 1945, 1565]"
62,16-20s,itr3,Node 2,"[2757, 3657, 3158, 2059, 2033, 1902, 1598, 1669, 1412, 1244, 1442, 472, 1836, 519, 3184, 1839, 670, 371, 1945, 1565]"
63,16-20s,itr3,Node 3,"[2757, 2169, 2059, 1902, 1598, 1669, 1412, 1244, 1442, 472, 1836, 519, 1839, 670, 371, 1945, 1565]"
64,16-20s,itr3,Node 1,"[2757, 2169, 3158, 2059, 2033, 1902, 1598, 1669, 1412, 195, 1442, 472, 1836, 519, 3184, 1839, 670, 371, 1945, 1565]"
65,16-20s,itr4,Node 2,"[2529, 2715, 750, 1611, 882, 3327, 969, 2784, 1338, 703, 1069, 1106, 1450, 752, 3186, 1509, 2771, 1905]"
66,16-20s,itr4,Node 1,"[2715, 750, 1611, 882, 5972, 2784, 1338, 2989, 703, 1069, 1106, 1450, 752, 3186, 1509, 2771, 1905]"
67,16-20s,itr4,Node 3,"[2529, 2715, 750, 1611, 882, 969, 3327, 1462, 1338, 2989, 703, 1069, 1106, 1450, 752, 3186, 1509, 2771, 1905]"
68,16-20s,itr4,Node4,"[2529, 2715, 1611, 3011, 882, 2784, 1462, 1338, 2989, 703, 1069, 1450, 752, 3186, 1509, 2771, 1905]"
69,16-20s,itr4,Node5,"[2529, 750, 1611, 882, 1462, 2784, 1338, 2989, 703, 1069, 1106, 1450, 752, 1509, 2771, 1905]"
70,16-20s,itr5,Node 1,"[2586, 1814, 789, 773, 667, 3776, 799, 464, 233, 5827, 196]"
71,16-20s,itr5,Node 2,"[5602, 2586, 3104, 1814, 2564, 789, 2479, 773, 3776, 799, 312, 233, 5827, 196, 5637]"
72,16-20s,itr5,Node 3,"[3104, 1814, 2564, 789, 2479, 773, 3776, 799, 5422, 312, 5827, 196, 5637]"
73,16-20s,itr5,Node4,"[2586, 5602, 1814, 789, 2479, 667, 3776, 799, 215, 233, 5827, 196]"
74,16-20s,itr5,Node5,"[4708, 2586, 3104, 1814, 2564, 789, 667, 773, 3776, 799, 233, 312, 5827, 196]"
75,16-20s,itr6,Node4,"[1435, 2451, 3314, 881, 934, 4913, 419, 102, 132, 4007, 355, 61, 532, 3, 2, 2]"
76,16-20s,itr6,Node5,"[1435, 2451, 3314, 934, 881, 4913, 419, 438, 132, 4007, 355, 70, 532, 3, 2, 2]"
77,16-20s,itr6,Node 1,"[1435, 2451, 3314, 2982, 4913, 419, 2838, 132, 4007, 355, 6282, 70, 532, 3, 2, 2]"
78,16-20s,itr6,Node 2,"[1435, 2451, 3314, 1427, 934, 4913, 419, 132, 438, 4007, 355, 115, 532, 3, 2, 2]"
79,16-20s,itr6,Node 3,"[1435, 2451, 3314, 2982, 934, 4913, 419, 1361, 132, 4007, 355, 105, 532, 3, 2, 2]"
80,16-20s,itr7,Node5,"[3057, 3207, 992, 1761, 877, 3121, 1847, 9227, 5865, 5469, 923, 7256]"
81,16-20s,itr7,Node4,"[3057, 992, 877, 1761, 3121, 1847, 5865, 92, 923, 7256]"
82,16-20s,itr7,Node 3,"[3057, 3207, 992, 4297, 1761, 3121, 6805, 1847, 5865, 923, 92, 7256]"
83,16-20s,itr7,Node 2,"[3057, 3207, 992, 4297, 1761, 3723, 3121, 1847, 5865, 5469, 8936, 923, 7256]"
84,16-20s,itr7,Node 1,"[3057, 3207, 992, 4297, 1761, 6805, 3121, 9227, 1847, 5865, 8936, 5469, 923, 7256]"
85,16-20s,itr8,Node5,"[2636, 2337, 1976, 1649, 932, 1781, 3649, 1497, 257, 461, 6892, 121]"
86,16-20s,itr8,Node4,"[2337, 1976, 1649, 3498, 932, 3649, 1497, 461, 288, 6892, 121, 7183]"
87,16-20s,itr8,Node 2,"[2636, 2337, 1976, 1649, 3498, 932, 3649, 1497, 288, 461, 6892, 121]"
88,16-20s,itr8,Node 3,"[2636, 2337, 1976, 1649, 1781, 932, 3649, 1497, 436, 257, 6892, 121]"
89,16-20s,itr8,Node 1,"[2636, 1976, 1649, 3498, 932, 3649, 1497, 5938, 461, 6892, 121, 7183]"
90,16-20s,itr9,Node 2,"[3270, 893, 5337, 915, 628, 995, 5828, 267, 114, 118, 5725, 57, 1059]"
91,16-20s,itr9,Node 1,"[3270, 1961, 893, 5337, 915, 995, 628, 5828, 267, 118, 114, 5725, 57, 1059]"
92,16-20s,itr9,Node 3,"[3270, 893, 5337, 915, 6095, 628, 5828, 267, 7298, 118, 5725, 57, 1059]"
93,16-20s,itr9,Node4,"[4394, 1961, 5337, 915, 150, 581, 5828, 267, 59, 118, 5725, 57, 1059]"
94,16-20s,itr9,Node5,"[893, 1961, 5337, 915, 581, 995, 5828, 267, 95, 114, 5725, 57, 1059]"
95,16-20s,itr10,Node 2,"[3587, 1448, 3814, 3451, 3726, 210, 4115, 89, 4206, 282, 105, 783, 4, 3]"
96,16-20s,itr10,Node5,"[2964, 3587, 1448, 3814, 3451, 3726, 3720, 210, 57, 4206, 282, 66, 783, 4, 3]"
97,16-20s,itr10,Node4,"[5525, 2964, 3587, 1448, 3814, 3451, 3726, 3720, 210, 42, 89, 4206, 282, 65, 105, 783, 4, 3]"
98,16-20s,itr10,Node 3,"[2964, 1448, 3814, 3451, 3726, 3720, 70, 210, 4115, 89, 4206, 282, 6676, 105, 783, 4, 3]"
99,16-20s,itr10,Node 1,"[2964, 5525, 3587, 1448, 3814, 3451, 70, 3720, 210, 89, 42, 4206, 282, 108, 105, 783, 4, 3]"
100,32-20s,itr1,Node4,"[3267, 2202, 2104, 1187, 4206, 3514, 4292, 3455, 2346, 2097, 10377, 2641, 1634]"
101,32-20s,itr1,Node5,"[3267, 2104, 1187, 4206, 3514, 4292, 3455, 3367, 2346, 5210, 2097, 10377, 2641, 1634]"
102,32-20s,itr1,Node 2,"[3267, 2202, 2104, 1187, 4206, 3514, 4292, 3455, 3367, 2346, 2097, 10377, 2641, 1634]"
103,32-20s,itr1,Node 3,"[3267, 2202, 2104, 1187, 4206, 3514, 4292, 3455, 3367, 2346, 2097, 5210, 10377, 2641, 1634]"
104,32-20s,itr1,Node 1,"[3267, 2202, 2104, 1187, 4206, 3514, 4292, 3455, 3367, 2346, 9741, 2097, 10377, 2641, 1634]"
105,32-20s,itr2,Node5,"[4082, 4246, 1135, 1468, 7694, 1027, 114, 86, 8496]"
106,32-20s,itr2,Node4,"[4082, 4246, 5442, 1135, 7694, 1027, 87, 76, 8496]"
107,32-20s,itr2,Node 2,"[4082, 4246, 5442, 1135, 7694, 1027, 76, 87, 8496]"
108,32-20s,itr2,Node 3,"[4082, 4246, 1468, 1135, 7694, 1027, 86, 87, 8496]"
109,32-20s,itr2,Node 1,"[4082, 4246, 5442, 1135, 7694, 1027, 9985, 87, 8496]"
110,32-20s,itr3,Node5,"[3417, 1236, 1249, 2783, 1939, 6848, 2933, 3815, 1015, 1338, 2668, 3425, 1551]"
111,32-20s,itr3,Node4,"[3417, 6836, 1850, 2783, 1939, 3203, 6848, 2933, 3815, 1015, 1338, 3425, 2308, 1551]"
112,32-20s,itr3,Node 2,"[3417, 1655, 1236, 2783, 1939, 6848, 2933, 3815, 1015, 1338, 1541, 1551]"
113,32-20s,itr3,Node 1,"[3417, 6836, 1249, 2783, 1850, 1939, 6848, 3268, 2933, 3815, 1015, 1338, 1541, 1551]"
114,32-20s,itr3,Node 3,"[3417, 1249, 1655, 2783, 1939, 2706, 6848, 2933, 1015, 1338, 1541, 3425, 1551]"
115,32-20s,itr4,Node5,"[4205, 1431, 4131, 1387, 4131, 363, 7948, 328, 120, 215, 5825, 3, 3]"
116,32-20s,itr4,Node4,"[4205, 1431, 1387, 4131, 363, 7948, 328, 215, 120, 5825, 3, 3]"
117,32-20s,itr4,Node 2,"[4205, 1431, 4131, 1387, 363, 591, 7948, 328, 138, 215, 5825, 3, 3]"
118,32-20s,itr4,Node 3,"[4205, 1431, 4131, 1387, 591, 363, 7948, 328, 122, 215, 5825, 3, 3]"
119,32-20s,itr4,Node 1,"[4205, 1431, 4131, 1387, 4131, 363, 7948, 328, 12022, 215, 5825, 3, 3]"
120,32-20s,itr5,Node5,"[3261, 3902, 2667, 178, 5699, 142, 241, 73, 8920, 324, 116]"
121,32-20s,itr5,Node4,"[3261, 3902, 2667, 638, 142, 131, 70, 8920, 324, 116]"
122,32-20s,itr5,Node 2,"[3261, 3902, 2667, 125, 638, 5699, 142, 73, 70, 8920, 324, 116]"
123,32-20s,itr5,Node 3,"[3261, 3902, 2667, 99, 638, 5699, 142, 70, 131, 8920, 324, 116]"
124,32-20s,itr5,Node 1,"[3261, 3902, 2667, 9215, 638, 5699, 142, 7848, 131, 8920, 324, 116]"
125,32-20s,itr6,Node 1,"[1120, 1266, 1859, 6133, 919, 5271, 628, 6058, 3582, 89, 3461, 4, 1994, 2]"
126,32-20s,itr6,Node 2,"[5027, 4478, 1266, 1859, 6133, 919, 5271, 628, 6058, 3582, 89, 3461, 4, 1994, 2]"
127,32-20s,itr6,Node 3,"[4478, 5027, 1266, 1859, 6133, 919, 628, 294, 6058, 89, 86, 3461, 4, 1994, 2]"
128,32-20s,itr6,Node4,"[1120, 605, 1266, 6133, 919, 628, 3582, 4, 2]"
129,32-20s,itr6,Node5,"[1120, 4478, 1266, 1859, 919, 294, 628, 6058, 86, 89, 3461, 4, 1994, 2]"
130,32-20s,itr7,Node4,"[3276, 3784, 4250, 306, 1774, 154, 6889, 5866, 1000]"
131,32-20s,itr7,Node5,"[3784, 4250, 4946, 4105, 1774, 77, 84, 254, 5866, 184, 1000]"
132,32-20s,itr7,Node 1,"[3784, 4250, 9270, 4946, 4105, 1774, 6718, 77, 254, 84, 5866, 184, 1000]"
133,32-20s,itr7,Node 2,"[3784, 4250, 4946, 4105, 1774, 6718, 77, 6889, 254, 5866, 184, 1000]"
134,32-20s,itr7,Node 3,"[3784, 4250, 4946, 4105, 1774, 6718, 77, 6889, 254, 5866, 184, 1000]"
135,32-20s,itr8,Node4,"[4077, 3236, 878, 4470, 7510, 292, 5919, 1894, 7]"
136,32-20s,itr8,Node5,"[4077, 3236, 5682, 878, 7510, 107, 292, 1894, 2]"
137,32-20s,itr8,Node 1,"[4077, 3236, 5682, 878, 7510, 6398, 5919, 292, 1894, 8446, 7]"
138,32-20s,itr8,Node 2,"[4077, 3236, 653, 878, 7510, 6398, 5919, 1894, 7]"
139,32-20s,itr8,Node 3,"[4077, 3236, 5682, 878, 7510, 6398, 5919, 1894, 8446, 7]"
140,32-20s,itr9,Node 2,"[4112, 5742, 2451, 4690, 6758, 2558, 76, 264, 4028, 3]"
141,32-20s,itr9,Node 3,"[4112, 5742, 2451, 869, 9263, 4690, 6758, 2558, 7704, 264, 4028, 3]"
142,32-20s,itr9,Node 1,"[4112, 5742, 2451, 4690, 9263, 6758, 2558, 264, 76, 4028, 3]"
143,32-20s,itr9,Node4,"[4112, 5742, 2451, 4690, 6758, 2558, 49, 264, 4028, 3]"
144,32-20s,itr9,Node5,"[4112, 869, 2451, 4690, 6758, 2558, 78, 76, 4028, 3]"
145,32-20s,itr10,Node 2,"[3327, 2477, 3754, 1909, 3961, 1820, 1787, 2452, 574, 937, 2378, 782, 1493]"
146,32-20s,itr10,Node 3,"[3327, 2477, 3754, 1909, 6502, 3961, 1787, 4477, 937, 2378, 782, 1493]"
147,32-20s,itr10,Node5,"[3327, 2477, 3754, 1909, 819, 1820, 1787, 2452, 4477, 937, 2378, 782, 1493]"
148,32-20s,itr10,Node 1,"[3327, 2477, 3754, 1909, 1820, 3961, 1787, 2452, 937, 859, 2378, 782, 1493]"
149,32-20s,itr10,Node4,"[3327, 2477, 3754, 1909, 6502, 1787, 2452, 859, 937, 2378, 782, 1493]"
150,64-20s,itr1,Node4,"[5822, 5563, 1371, 1425, 2636, 2231, 1920, 1922, 2902, 2008, 2536, 2182, 4207, 2932, 2611, 5504, 5907, 3450]"
151,64-20s,itr1,Node5,"[5563, 1371, 1425, 2636, 2231, 1920, 1922, 2902, 2008, 2536, 2182, 2932, 2611, 5504, 5907, 255, 3450]"
152,64-20s,itr1,Node 2,"[5252, 5563, 1371, 1425, 2636, 2231, 1920, 1922, 2902, 2008, 2536, 2182, 4207, 2611, 255, 5907, 3450]"
153,64-20s,itr1,Node 1,"[5563, 1425, 2636, 2231, 1920, 1922, 2902, 2008, 2536, 2182, 4207, 4056, 2611, 1957, 5907, 3450]"
154,64-20s,itr1,Node 3,"[5465, 5563, 1371, 1425, 2636, 2231, 1920, 1922, 2902, 2008, 2536, 4207, 2932, 1957, 5504, 255, 3450]"
155,64-20s,itr2,Node 2,"[3652, 3413, 1043, 4250, 1037, 4125, 1325, 657, 845, 7877, 375, 2931]"
156,64-20s,itr2,Node 3,"[3652, 3413, 1043, 1228, 1037, 4125, 1325, 544, 657, 7877, 375, 2931]"
157,64-20s,itr2,Node 1,"[3413, 1043, 4250, 1037, 4125, 1325, 9858, 845, 7877, 375, 2931]"
158,64-20s,itr2,Node5,"[3652, 1043, 4250, 1037, 4125, 1325, 845, 657, 7877, 375, 2931]"
159,64-20s,itr2,Node4,"[3652, 3413, 1043, 1037, 1228, 4125, 1325, 864, 657, 7877, 375, 2931]"
160,64-20s,itr3,Node5,"[3131, 3707, 3524, 3166, 4149, 1552, 3136, 934, 1783, 1156, 1812, 412, 2546]"
161,64-20s,itr3,Node4,"[3707, 3524, 4149, 1552, 3136, 934, 2923, 1156, 1812, 412, 2546]"
162,64-20s,itr3,Node 1,"[3131, 3707, 3166, 1727, 4149, 1552, 3136, 934, 1319, 1156, 1812, 412, 2546]"
163,64-20s,itr3,Node 2,"[7704, 3707, 3524, 3166, 4149, 1552, 3136, 934, 1156, 949, 1812, 412, 2546]"
164,64-20s,itr3,Node 3,"[3131, 3707, 1727, 3166, 4149, 1552, 934, 949, 1156, 1812, 412, 2546]"
165,64-20s,itr4,Node 2,"[1600, 4052, 3134, 4457, 2366, 1629, 1932, 1914, 2052, 627, 566, 1113, 1336]"
166,64-20s,itr4,Node 3,"[1600, 4052, 3134, 4698, 2366, 1629, 1932, 1914, 2413, 627, 566, 1113, 1336]"
167,64-20s,itr4,Node 1,"[1600, 4052, 3134, 4457, 4698, 2366, 1629, 1914, 2052, 2413, 627, 566, 1113, 1336]"
168,64-20s,itr4,Node5,"[1600, 4052, 3134, 2871, 4698, 2366, 1629, 1932, 1914, 2052, 2413, 627, 566, 1113, 1336]"
169,64-20s,itr4,Node4,"[1600, 4052, 3134, 2871, 4698, 2366, 1629, 1932, 1914, 2052, 2413, 627, 566, 1113, 1336]"
170,64-20s,itr5,Node5,"[2387, 4733, 2579, 808, 3353, 1044, 6094, 576, 7593, 1063, 2045, 1887, 1107, 2900, 936]"
171,64-20s,itr5,Node 1,"[3946, 2387, 4733, 1497, 2579, 808, 3353, 1044, 576, 994, 7593, 1063, 2045, 1887, 1107, 326, 664, 2900, 936]"
172,64-20s,itr5,Node 2,"[3946, 2387, 1497, 2579, 808, 3353, 1044, 994, 576, 7593, 1063, 2045, 1887, 1107, 326, 664, 2900, 936]"
173,64-20s,itr5,Node 3,"[3946, 2387, 4733, 1497, 2579, 808, 3353, 1044, 6094, 576, 7593, 1063, 2045, 1887, 1107, 326, 664, 2900, 936]"
174,64-20s,itr5,Node4,"[2387, 4733, 2579, 808, 3353, 1044, 6094, 576, 7593, 1063, 2045, 1887, 1107, 2900, 936]"
175,64-20s,itr6,Node5,"[4156, 1920, 1840, 1688, 10896, 224, 127, 2239, 2, 4, 3]"
176,64-20s,itr6,Node4,"[4156, 1920, 9706, 1840, 10896, 224, 13845, 176, 2239, 2, 4, 3]"
177,64-20s,itr6,Node 2,"[4156, 1920, 9706, 1840, 10896, 224, 222, 2239, 2, 4, 3]"
178,64-20s,itr6,Node 3,"[4156, 1920, 1688, 1840, 10896, 224, 113, 176, 2239, 2, 4, 3]"
179,64-20s,itr6,Node 1,"[4156, 1920, 9706, 1840, 10896, 224, 176, 113, 2239, 2, 4, 3]"
180,64-20s,itr7,Node4,"[4627, 7043, 1809, 2341, 1465, 7293, 491, 9074, 3413, 383, 5639]"
181,64-20s,itr7,Node 3,"[4627, 7043, 1809, 2341, 1465, 491, 823, 9074, 383, 5639]"
182,64-20s,itr7,Node5,"[4627, 1453, 1809, 2341, 1465, 670, 823, 9074, 383, 5639]"
183,64-20s,itr7,Node 2,"[4627, 7043, 2341, 1465, 7293, 491, 9074, 3413, 383, 5639]"
184,64-20s,itr7,Node 1,"[4627, 1809, 1453, 2341, 1465, 823, 491, 9074, 3413, 383, 5639]"
185,64-20s,itr8,Node5,"[4239, 1033, 1143, 1163, 5540, 618, 96, 177, 7420, 99, 395]"
186,64-20s,itr8,Node4,"[4239, 3855, 1033, 7509, 2489, 5540, 618, 120, 177, 7420, 99, 395]"
187,64-20s,itr8,Node 1,"[4239, 3855, 1033, 2489, 1163, 5540, 618, 177, 120, 7420, 99, 395]"
188,64-20s,itr8,Node 3,"[4239, 3855, 1033, 1163, 2489, 5540, 618, 143, 120, 7420, 99, 395]"
189,64-20s,itr8,Node 2,"[4239, 3855, 1033, 7509, 2489, 5540, 618, 8645, 120, 7420, 99, 395]"
190,64-20s,itr9,Node4,"[4565, 5408, 3901, 3959, 2696, 4567, 1916, 491, 89, 7533, 366, 2193]"
191,64-20s,itr9,Node5,"[4565, 5408, 3901, 2913, 2696, 4567, 1916, 89, 491, 7533, 366, 2193]"
192,64-20s,itr9,Node 2,"[4565, 5408, 3901, 2913, 4567, 1916, 8902, 491, 7533, 366, 2193]"
193,64-20s,itr9,Node 3,"[4565, 5408, 3901, 2913, 2696, 4567, 1916, 177, 491, 7533, 366, 2193]"
194,64-20s,itr9,Node 1,"[4565, 5408, 3901, 2696, 3959, 4567, 1916, 636, 491, 7533, 366, 2193]"
195,64-20s,itr10,Node5,"[3653, 2175, 2270, 5975, 2544, 356, 584, 8850, 104]"
196,64-20s,itr10,Node4,"[3653, 6680, 2270, 5975, 2544, 230, 356, 8850, 104]"
197,64-20s,itr10,Node 3,"[3653, 6680, 3207, 2270, 5975, 2544, 584, 356, 8850, 104, 4278]"
198,64-20s,itr10,Node 2,"[3653, 6680, 2270, 5975, 2544, 8393, 584, 8850, 104, 4278]"
199,64-20s,itr10,Node 1,"[3653, 2270, 3207, 5975, 2544, 1015, 230, 8850, 104, 4278]"
200,64-20s,itr11-extra,Node5,"[4113, 5484, 719, 1613, 1553, 5334, 798, 165, 146, 7319]"
201,64-20s,itr11-extra,Node4,"[4113, 5484, 719, 1028, 1553, 5334, 798, 138, 165, 7319]"
202,128-20s,itr1,Node4,"[1964, 2868, 4447, 4030, 4630, 1176, 3204, 3239, 4783, 170, 336, 6335]"
203,128-20s,itr1,Node 2,"[1964, 2868, 4447, 4030, 4630, 6025, 3393, 3204, 3239, 4783, 336, 170, 6335]"
204,128-20s,itr1,Node 3,"[1964, 2868, 4447, 4030, 4630, 6025, 3204, 3239, 4783, 7684, 336, 6335]"
205,128-20s,itr1,Node 1,"[1964, 2868, 4447, 4030, 4630, 6025, 3393, 3204, 3239, 4783, 8823, 7684, 336, 6335]"
206,128-20s,itr1,Node5,"[1964, 2868, 4447, 4030, 4630, 6025, 3393, 3204, 3239, 4783, 7684, 8823, 336, 6335]"
207,128-20s,itr2,Node5,"[2427, 1501, 1086, 3848, 2934, 2744, 2332, 4257, 3163, 281, 944, 3785, 701]"
208,128-20s,itr2,Node 2,"[2427, 1086, 3848, 2934, 2744, 2332, 4257, 576, 3163, 4715, 5253, 3785, 5838, 701, 5]"
209,128-20s,itr2,Node4,"[2427, 1501, 1086, 3848, 2934, 2744, 2332, 4257, 3163, 256, 944, 3785, 701, 5]"
210,128-20s,itr2,Node 3,"[2427, 1501, 1086, 3848, 2934, 2744, 2332, 4257, 576, 3163, 944, 5253, 3785, 5838, 5]"
211,128-20s,itr2,Node 1,"[2427, 1501, 1086, 3848, 2934, 2744, 2332, 4257, 576, 3163, 5253, 281, 3785, 5838, 701, 5]"
212,128-20s,itr3,Node4,"[3815, 2758, 868, 946, 6816, 309, 224, 238, 7634, 203, 2628]"
213,128-20s,itr3,Node 3,"[3815, 2758, 946, 868, 6816, 309, 238, 602, 7634, 203, 2628]"
214,128-20s,itr3,Node 2,"[3815, 2758, 6593, 946, 6816, 309, 7590, 602, 7634, 203, 2628]"
215,128-20s,itr3,Node 1,"[3815, 2758, 6593, 946, 6816, 309, 602, 238, 7634, 203, 2628]"
216,128-20s,itr3,Node5,"[3815, 2758, 432, 868, 6816, 309, 168, 224, 7634, 203, 2628]"
217,128-20s,itr4,Node5,"[4223, 5679, 1956, 5002, 1851, 4415, 1017, 514, 1441, 6720, 2, 16]"
218,128-20s,itr4,Node4,"[4223, 1956, 5002, 1851, 4415, 1017, 1219, 514, 6720, 2, 16]"
219,128-20s,itr4,Node 1,"[4223, 5679, 1956, 5002, 1851, 4415, 1017, 1441, 514, 6720, 2, 16]"
220,128-20s,itr4,Node 2,"[4223, 5679, 1956, 5002, 1851, 4415, 1017, 8574, 514, 6720, 2, 16]"
221,128-20s,itr4,Node 3,"[4223, 5679, 1956, 1851, 4415, 1017, 643, 1441, 6720, 2, 16]"
222,128-20s,itr5,Node5,"[4499, 2445, 6195, 3105, 131, 1736, 4709, 575, 112, 134, 2487, 4, 2, 18]"
223,128-20s,itr5,Node4,"[4499, 2445, 6195, 3105, 103, 1736, 4709, 575, 95, 112, 2487, 4, 2, 18]"
224,128-20s,itr5,Node 2,"[4499, 2445, 3105, 1736, 131, 4709, 575, 233, 134, 2487, 4, 2, 18]"
225,128-20s,itr5,Node 1,"[4499, 2445, 6195, 3105, 4832, 1736, 4709, 575, 10374, 112, 2487, 4, 2, 18]"
226,128-20s,itr5,Node 3,"[2204, 5124, 6681, 8011, 580, 865, 6, 4499, 2445, 6195, 3105, 1379, 131, 4709, 575, 134, 112, 2487, 4, 2]"
227,128-20s,itr6,Node5,"[4289, 2785, 3748, 214, 4855, 753, 165, 4678, 394]"
228,128-20s,itr6,Node4,"[4289, 2785, 3748, 129, 4855, 753, 94, 165, 4678, 394]"
229,128-20s,itr6,Node 2,"[4289, 2785, 3748, 8251, 4855, 129, 753, 5114, 573, 4678, 394, 6082]"
230,128-20s,itr6,Node 3,"[4289, 2785, 3748, 3499, 8251, 4855, 753, 448, 573, 4678, 394]"
231,128-20s,itr6,Node 1,"[4289, 2785, 3748, 8251, 3499, 4855, 753, 573, 448, 4678, 394]"
232,128-20s,itr7,Node4,"[4027, 697, 346, 1806, 4453, 3994, 4488, 39, 5292, 155]"
233,128-20s,itr7,Node5,"[4027, 4923, 697, 4909, 1806, 4453, 3994, 4488, 49, 5292, 3733, 3]"
234,128-20s,itr7,Node 2,"[4027, 4923, 697, 1806, 346, 4453, 3994, 4488, 5924, 5292, 3733, 155, 3]"
235,128-20s,itr7,Node 3,"[4027, 4923, 697, 4909, 1806, 4453, 3994, 4488, 5924, 5292, 3733, 155, 3]"
236,128-20s,itr7,Node 1,"[4027, 4923, 4909, 1806, 4453, 3994, 4488, 5924, 5292, 49, 3733, 155, 3]"
237,128-20s,itr8,Node5,"[4166, 3062, 1073, 3751, 976, 431, 306, 5569, 540]"
238,128-20s,itr8,Node4,"[4166, 3062, 4815, 1073, 3751, 976, 218, 431, 5569, 540]"
239,128-20s,itr8,Node 2,"[4166, 3062, 4815, 1073, 3751, 976, 306, 431, 5569, 540]"
240,128-20s,itr8,Node 3,"[4166, 3062, 4815, 1073, 3751, 976, 224, 431, 5569, 540]"
241,128-20s,itr8,Node 1,"[4166, 3062, 4815, 1073, 3751, 976, 7364, 306, 5569, 540, 8403]"
242,128-20s,itr9,Node4,"[1271, 3023, 1652, 798, 3695, 1075, 5931, 508, 6040, 657, 6155]"
243,128-20s,itr9,Node5,"[1271, 1652, 3023, 798, 3695, 1075, 351, 373, 6040, 657]"
244,128-20s,itr9,Node 3,"[1271, 4241, 798, 3695, 1075, 373, 508, 6040, 657]"
245,128-20s,itr9,Node 2,"[1271, 4241, 1408, 3023, 798, 3695, 1075, 508, 373, 6040, 657]"
246,128-20s,itr9,Node 1,"[1271, 4241, 3023, 798, 1075, 5931, 508, 6040, 657]"
247,128-20s,itr10,Node 2,"[1839, 2672, 1030, 4612, 181, 8403, 8340, 5587, 4428, 3966]"
248,128-20s,itr10,Node 3,"[1839, 2672, 1030, 4612, 2232, 8403, 8340, 5587, 4428, 3966]"
249,128-20s,itr10,Node 1,"[1839, 2672, 1030, 4612, 7806, 2232, 8403, 8340, 3165, 5587, 4428, 3966]"
250,128-20s,itr10,Node4,"[1839, 2672, 1030, 4612, 2232, 7806, 8403, 3165, 8340, 5587, 4428, 3966]"
251,128-20s,itr10,Node5,"[1839, 2672, 1030, 4612, 2232, 8403, 181, 8340, 5587, 4428, 3966]"
252,256-20s,itr1,Node5,"[2679, 2963, 3597, 3718, 6686, 2590, 10898, 10741, 2075, 8437, 3135, 1383]"
253,256-20s,itr1,Node 2,"[2679, 2963, 3597, 3718, 2652, 2590, 10741, 10898, 2075, 8437, 3135, 1383]"
254,256-20s,itr1,Node4,"[2679, 2963, 3597, 3718, 2590, 2652, 10898, 2075, 601, 1383]"
255,256-20s,itr1,Node 3,"[2679, 2963, 3597, 3718, 6407, 6686, 2590, 10898, 2075, 520, 3135, 1383]"
256,256-20s,itr1,Node 1,"[2679, 2963, 3597, 3718, 6686, 6407, 2590, 8192, 10898, 2075, 3135, 520, 1383]"
257,256-20s,itr2,Node 3,"[3994, 1306, 2654, 2815, 2563, 887, 2871, 1047, 720, 1167, 4241]"
258,256-20s,itr2,Node 2,"[3994, 2654, 1306, 2815, 2563, 3016, 887, 2871, 1047, 7363, 2049, 1167, 4241]"
259,256-20s,itr2,Node 1,"[3994, 5783, 2815, 2563, 3016, 887, 2871, 1047, 7363, 2049, 4241]"
260,256-20s,itr2,Node4,"[3994, 1999, 2654, 2815, 2563, 3016, 887, 2871, 1047, 1167, 2049, 4241]"
261,256-20s,itr2,Node5,"[3994, 5783, 2654, 2815, 2563, 3016, 887, 2871, 1047, 1693, 2049, 4241]"
262,256-20s,itr3,Node 3,"[3738, 1996, 1711, 1702, 1548, 3620, 2960, 2749, 3715, 3198, 1328, 713, 286, 77, 455]"
263,256-20s,itr3,Node 2,"[3738, 1996, 1711, 1702, 4859, 3620, 2960, 2749, 3198, 2341, 1328, 2491, 713, 286, 77, 455]"
264,256-20s,itr3,Node 1,"[3738, 1711, 3695, 1702, 4859, 3620, 2960, 2749, 3715, 3198, 1328, 2491, 713, 286, 77, 455]"
265,256-20s,itr3,Node4,"[1996, 1711, 1702, 3620, 2531, 2960, 2749, 2341, 3198, 1328, 2491, 713, 286, 77, 455]"
266,256-20s,itr3,Node5,"[3738, 1996, 1711, 1702, 2531, 3620, 2960, 2749, 3715, 3198, 1328, 2491, 713, 286, 77, 455]"
267,256-20s,itr4,Node 2,"[2819, 4761, 3441, 2018, 3137, 1089, 4180, 666, 294, 230, 6720, 151, 340, 3]"
268,256-20s,itr4,Node5,"[2819, 3441, 2018, 3137, 1089, 4180, 666, 6404, 294, 6720, 151, 340, 3]"
269,256-20s,itr4,Node 1,"[2819, 4761, 3441, 2018, 3137, 1089, 4180, 666, 230, 294, 6720, 151, 340, 3]"
270,256-20s,itr4,Node 3,"[2819, 4761, 3441, 2018, 1089, 666, 309, 230, 6720, 151, 340, 3]"
271,256-20s,itr4,Node4,"[2819, 4761, 3441, 2018, 3137, 1089, 4180, 666, 167, 294, 6720, 340, 3]"
272,256-20s,itr5,Node4,"[6562, 2756, 7907, 4260, 2332, 5398, 398, 2548, 619, 276, 1265, 2572]"
273,256-20s,itr5,Node5,"[2756, 6562, 7907, 4260, 2332, 510, 398, 2548, 619, 188, 1265, 2572]"
274,256-20s,itr5,Node 3,"[2756, 7907, 4260, 5398, 398, 2548, 619, 5365, 1265, 2572]"
275,256-20s,itr5,Node 2,"[2756, 7907, 3437, 2332, 5398, 398, 2548, 619, 1265, 276, 2572]"
276,256-20s,itr6,Node 2,"[3149, 2291, 4087, 2120, 1146, 1671, 5563, 685, 146, 133, 4162, 2]"
277,256-20s,itr6,Node 3,"[4311, 2291, 4087, 2120, 1671, 1146, 5563, 685, 133, 129, 4162, 2]"
278,256-20s,itr6,Node 1,"[2291, 3149, 4087, 2120, 7104, 1671, 5563, 685, 129, 133, 4162, 2]"
279,256-20s,itr6,Node4,"[4311, 2291, 4087, 2120, 260, 1671, 5563, 685, 83, 146, 4162, 2]"
280,256-20s,itr6,Node5,"[4311, 2291, 4087, 2120, 7104, 1146, 5563, 685, 7483, 129, 4162, 2]"
281,256-20s,itr7,Node4,"[2762, 6187, 1277, 3845, 2359, 1407, 5958, 859, 6244, 799, 29, 156, 231, 7]"
282,256-20s,itr7,Node5,"[2762, 6187, 1277, 3845, 2359, 1407, 126, 859, 6244, 799, 50, 231, 7]"
283,256-20s,itr7,Node 2,"[2762, 6187, 1277, 3845, 1407, 411, 859, 6244, 799, 95, 156, 231, 7]"
284,256-20s,itr7,Node 3,"[2762, 1277, 3845, 2359, 1407, 859, 411, 6244, 799, 156, 95, 231, 7]"
285,256-20s,itr7,Node 1,"[2762, 6187, 1277, 3845, 2359, 5958, 859, 6244, 799, 8474, 95, 231, 7]"
286,256-20s,itr8,Node 1,"[1174, 2305, 1755, 3791, 1765, 6519, 1020, 3226, 1192, 246, 1680, 5, 4]"
287,256-20s,itr8,Node 2,"[1174, 2305, 1755, 3791, 1765, 6519, 1020, 3226, 1192, 7758, 246, 1680, 5, 4]"
288,256-20s,itr8,Node 3,"[1174, 2305, 1755, 3791, 1765, 1020, 1016, 3226, 1192, 206, 1680, 5, 4]"
289,256-20s,itr8,Node4,"[1174, 2305, 1755, 3791, 1765, 1016, 1020, 3226, 1192, 141, 1680, 5, 4]"
290,256-20s,itr8,Node5,"[1174, 2305, 1755, 3791, 1765, 323, 1016, 3226, 1192, 110, 1680, 5, 4]"
291,256-20s,itr9,Node5,"[3979, 2788, 3682, 2251, 1493, 3777, 1743, 426, 628, 6240, 31, 526]"
292,256-20s,itr9,Node4,"[3979, 2788, 3682, 666, 1493, 3777, 1743, 477, 628, 6240, 31, 526]"
293,256-20s,itr9,Node 2,"[3979, 2788, 3682, 4543, 1493, 3777, 1743, 628, 426, 6240, 31, 526]"
294,256-20s,itr9,Node 3,"[3979, 2788, 3682, 1493, 2251, 3777, 1743, 655, 628, 6240, 31, 526]"
295,256-20s,itr9,Node 1,"[3979, 2788, 3682, 4543, 3777, 1743, 9171, 628, 6240, 31, 526]"
296,256-20s,itr10,Node5,"[3692, 3155, 5178, 3207, 1149, 1085, 4909, 538, 117, 111, 5094]"
297,256-20s,itr10,Node4,"[3979, 2788, 3682, 666, 1493, 3777, 1743, 477, 628, 6240, 31, 526]"
298,256-20s,itr10,Node 2,"[3692, 3155, 5178, 3207, 6434, 1149, 4909, 538, 7594, 111, 5094]"
299,256-20s,itr10,Node 3,"[3692, 3155, 5178, 3207, 1927, 1149, 4909, 538, 111, 108, 5094]"
300,256-20s,itr10,Node 1,"[3692, 3155, 5178, 3207, 1085, 1149, 4909, 538, 108, 111, 5094]"
301,8-60s,itr3,Node 2,"[1385, 912, 793, 1306, 793, 793, 1227, 793, 793, 1188, 793, 793, 1937, 1174, 1911, 793, 793, 2621, 793, 793, 793, 793, 793, 793, 3357, 793, 793, 1017, 793, 4895, 1030, 793, 4658, 4461, 1358, 784, 784, 784, 784, 784, 784, 784, 784, 784, 52]"
302,8-60s,itr3,Node 3,"[964, 1385, 793, 1306, 793, 793, 793, 793, 793, 793, 1174, 793, 793, 793, 793, 793, 793, 793, 793, 793, 793, 793, 793, 793, 793, 1017, 1017, 793, 793, 793, 1004, 4461, 793, 1358, 784, 784, 784, 784, 784, 784, 784, 784, 784, 52]"
303,8-60s,itr3,Node 1,"[964, 1161, 912, 793, 793, 793, 793, 793, 793, 1174, 793, 793, 793, 793, 793, 793, 793, 793, 1122, 793, 793, 1109, 1109, 793, 1017, 793, 1017, 793, 793, 1030, 793, 793, 1004, 4658, 4461, 793, 784, 784, 784, 784, 784, 784, 784, 784, 52]"
304,8-60s,itr3,Node5,"[964, 912, 1385, 793, 793, 1306, 793, 793, 1227, 793, 793, 1188, 793, 1174, 793, 1174, 793, 793, 793, 793, 793, 793, 793, 793, 793, 793, 793, 793, 793, 793, 793, 793, 793, 1004, 4461, 793, 1358, 784, 784, 784, 784, 784, 784, 784, 784, 784, 52]"
305,8-60s,itr3,Node4,"[912, 1385, 793, 793, 1306, 793, 793, 793, 793, 793, 793, 1174, 793, 793, 793, 793, 793, 793, 793, 793, 793, 793, 793, 1122, 793, 1109, 1109, 793, 793, 793, 1017, 793, 793, 793, 793, 1004, 4461, 793, 1358, 784, 784, 784, 784, 784, 784, 784, 784, 784, 52]"
306,8-60s,itr2,Node 3,"[990, 1398, 793, 793, 1214, 793, 793, 1030, 793, 793, 1608, 793, 793, 1188, 793, 793, 793, 793, 793, 793, 793, 793, 793, 1309, 784, 784, 784, 784, 784, 784, 784, 784, 784, 784, 784, 784, 784, 784, 784, 127]"
307,8-60s,itr2,Node 2,"[1069, 1398, 793, 1214, 793, 1030, 793, 1608, 1188, 784, 793, 793, 1161, 793, 793, 1293, 793, 793, 1326, 793, 1318, 1309, 784, 784, 784, 784, 784, 784, 784, 784, 784, 784, 784, 784, 784, 784, 784, 784, 784, 127]"
308,8-60s,itr2,Node5,"[1069, 990, 1398, 793, 1214, 793, 793, 1030, 793, 793, 1608, 793, 793, 1188, 793, 793, 793, 793, 793, 793, 793, 793, 793, 793, 1309, 784, 784, 784, 784, 784, 784, 784, 784, 784, 784, 784, 784, 784, 784, 784, 784, 784, 784, 127]"
309,8-60s,itr2,Node4,"[1069, 990, 1398, 793, 1214, 793, 793, 1030, 793, 793, 1608, 793, 793, 1188, 793, 784, 793, 793, 793, 793, 793, 1293, 793, 793, 793, 793, 1309, 784, 784, 784, 784, 784, 784, 784, 784, 784, 784, 784, 784, 784, 784, 784, 784, 784, 784, 784, 784, 127]"
310,8-60s,itr2,Node 1,"[1069, 990, 793, 793, 1214, 793, 793, 1030, 793, 793, 1608, 793, 793, 1188, 784, 793, 793, 793, 793, 793, 793, 793, 793, 1293, 793, 793, 1326, 784, 793, 1309, 784, 784, 784, 784, 784, 784, 784, 784, 784, 784, 784, 784, 784, 784, 784, 784, 784, 784, 127]"
311,8-60s,itr4,Node 3,"[833, 793, 1003, 846, 806, 793, 793, 793, 1227, 793, 1004, 793, 1043, 2515, 793, 872, 793, 793, 1411, 793, 793, 793, 793, 793, 793, 793, 793, 793, 793, 3436, 793, 793, 1201, 793, 793, 789, 784, 784, 784, 784, 784, 784, 784, 784, 784, 465]"
312,8-60s,itr4,Node 2,"[833, 793, 1727, 1003, 806, 793, 2187, 1227, 793, 2463, 793, 1043, 2515, 2200, 793, 872, 793, 793, 1411, 793, 793, 793, 793, 793, 3146, 3436, 3436, 793, 793, 1201, 793, 797, 793, 789, 784, 784, 784, 784, 784, 784, 784, 784, 465]"
313,8-60s,itr4,Node 1,"[833, 793, 846, 1003, 806, 1082, 793, 1227, 1004, 793, 793, 1043, 1148, 2515, 793, 793, 872, 793, 1411, 793, 793, 793, 793, 793, 793, 793, 793, 793, 793, 793, 793, 3436, 793, 1201, 793, 797, 789, 784, 784, 784, 784, 784, 784, 784, 784, 465]"
314,8-60s,itr4,Node4,"[793, 793, 1003, 806, 793, 793, 793, 1227, 793, 793, 2463, 1043, 2200, 2515, 793, 793, 872, 793, 1411, 793, 793, 793, 793, 793, 793, 793, 793, 793, 793, 3436, 793, 793, 1201, 793, 793, 789, 784, 784, 784, 784, 784, 784, 465]"
315,8-60s,itr4,Node5,"[793, 806, 793, 1227, 793, 793, 793, 1043, 1069, 2200, 793, 872, 793, 793, 1411, 793, 793, 793, 793, 793, 793, 793, 793, 3436, 793, 1201, 793, 793, 789, 784, 784, 784, 784, 784, 784, 465]"
316,8-60s,itr5,Node 2,"[1280, 793, 1398, 793, 1372, 793, 793, 1411, 793, 793, 1884, 1398, 793, 1503, 1266, 793, 1490, 1017, 793, 1503, 793, 793, 3646, 1490, 793, 3252, 2936, 793, 1096, 946, 793, 784, 784, 784, 784, 784, 784, 298]"
317,8-60s,itr5,Node 1,"[793, 793, 1398, 793, 793, 1372, 793, 793, 1398, 793, 1266, 793, 1490, 793, 793, 1503, 793, 1490, 793, 2936, 793, 1096, 793, 793, 784, 784, 784, 784, 784, 784, 298]"
318,8-60s,itr5,Node5,"[793, 793, 1398, 793, 793, 1372, 793, 793, 793, 793, 793, 1884, 793, 1266, 793, 793, 793, 793, 1490, 793, 793, 793, 1096, 793, 946, 784, 784, 784, 784, 784, 784, 298]"
319,8-60s,itr5,Node4,"[1280, 793, 1398, 793, 793, 1372, 793, 793, 793, 793, 793, 1398, 793, 793, 1266, 793, 793, 1017, 793, 793, 1490, 793, 2936, 793, 793, 1096, 793, 793, 946, 784, 784, 784, 784, 784, 298]"
320,8-60s,itr5,Node 3,"[898, 990, 793, 793, 793, 793, 1266, 2108, 793, 793, 793, 793, 1700, 793, 793, 793, 793, 793, 793, 951, 793, 793, 2038, 784, 784, 784, 784, 784, 784, 784, 784, 784, 784, 103]"
321,8-60s,itr6,Node4,"[872, 793, 1135, 793, 1161, 793, 793, 2055, 1227, 1608, 793, 793, 1595, 1595, 2489, 793, 784, 793, 793, 793, 793, 793, 793, 1201, 793, 1608, 793, 793, 793, 784, 784, 784, 784, 784, 784, 784, 784, 784, 784, 784, 784, 707]"
322,8-60s,itr6,Node5,"[833, 793, 793, 1161, 793, 793, 793, 793, 1227, 793, 1595, 793, 2489, 793, 793, 793, 793, 793, 793, 1608, 793, 1201, 793, 793, 1608, 793, 793, 1464, 784, 784, 784, 784, 784, 784, 784, 784, 784, 784, 784, 784, 784, 784, 707]"
323,8-60s,itr6,Node 2,"[872, 833, 793, 1135, 793, 1161, 793, 2055, 793, 1227, 2187, 793, 793, 2489, 793, 793, 793, 793, 1556, 793, 1608, 793, 793, 1201, 1608, 793, 1464, 793, 784, 784, 784, 784, 784, 784, 784, 784, 784, 784, 784, 784, 784, 784, 707]"
324,8-60s,itr6,Node 1,"[872, 833, 793, 1135, 793, 1161, 793, 793, 793, 1227, 793, 1608, 793, 1595, 1595, 2489, 784, 793, 793, 793, 793, 793, 1608, 793, 793, 793, 1608, 793, 793, 1464, 784, 784, 784, 784, 784, 784, 784, 784, 784, 784, 784, 784, 784, 707]"
325,8-60s,itr6,Node 3,"[872, 833, 1135, 1161, 793, 793, 793, 793, 1227, 793, 793, 1595, 2489, 793, 793, 793, 1608, 793, 793, 1608, 793, 1464, 784, 784, 784, 784, 784, 784, 784, 784, 784, 784, 784, 784, 707]"
326,8-60s,itr7,Node 2,"[925, 951, 1608, 1017, 1805, 793, 1451, 793, 793, 1188, 793, 1464, 793, 2068, 793, 1661, 793, 793, 1556, 793, 793, 1608, 793, 793, 793, 793, 793, 833, 793, 793, 3225, 793, 793, 3208, 3208, 784, 784, 784, 784, 784, 784, 784, 784, 784, 784, 784, 784, 784, 784, 784, 784, 784, 784, 784, 765]"
327,8-60s,itr7,Node 3,"[925, 951, 912, 1017, 793, 1451, 793, 793, 793, 1464, 2068, 793, 793, 1556, 793, 1608, 793, 784, 793, 793, 793, 793, 793, 793, 793, 793, 3208, 784, 784, 784, 784, 784, 784, 784, 784, 784, 784, 784, 784, 784, 784, 784, 784, 784, 784, 765]"
328,8-60s,itr7,Node5,"[925, 951, 793, 1004, 1017, 793, 793, 1451, 793, 793, 793, 793, 793, 2068, 793, 793, 793, 793, 1556, 793, 793, 1608, 793, 793, 793, 793, 793, 833, 793, 820, 793, 793, 806, 3208, 784, 784, 784, 784, 784, 784, 784, 784, 784, 784, 784, 784, 784, 784, 784, 784, 765]"
329,8-60s,itr7,Node4,"[925, 951, 1004, 793, 912, 793, 885, 1451, 793, 793, 1188, 793, 793, 1188, 2068, 793, 793, 793, 1556, 793, 793, 1608, 784, 793, 793, 793, 793, 793, 793, 793, 3225, 793, 3208, 806, 784, 784, 784, 784, 784, 784, 784, 784, 784, 784, 784, 784, 784, 784, 784, 784, 765]"
330,8-60s,itr7,Node 1,"[925, 951, 1017, 1608, 793, 1805, 793, 1451, 793, 793, 793, 1188, 793, 793, 2068, 793, 1661, 793, 1043, 1556, 793, 793, 1608, 793, 793, 793, 793, 793, 793, 793, 793, 793, 793, 793, 3208, 784, 784, 784, 784, 784, 784, 784, 784, 784, 784, 784, 784, 784, 784, 784, 784, 784, 784, 784, 784, 765]"
331,8-60s,itr8,Node 2,"[793, 1503, 925, 793, 1280, 793, 793, 1122, 793, 793, 1201, 793, 1529, 793, 1122, 793, 793, 1135, 793, 793, 1253, 793, 1306, 793, 793, 1648, 793, 793, 1635, 2003, 793, 793, 793, 793, 790, 784, 784, 784, 784, 784, 260]"
332,8-60s,itr8,Node 1,"[793, 925, 1503, 793, 793, 793, 793, 793, 793, 1201, 793, 793, 793, 1122, 793, 793, 1135, 793, 793, 1253, 793, 793, 793, 793, 793, 793, 793, 793, 1635, 793, 793, 793, 793, 790, 784, 784, 784, 784, 784, 784, 260]"
333,8-60s,itr8,Node 3,"[793, 806, 1503, 793, 1280, 793, 1122, 793, 1201, 793, 1122, 793, 1135, 793, 1253, 793, 793, 793, 793, 1648, 793, 1635, 793, 793, 793, 793, 793, 790, 784, 784, 784, 784, 784, 784, 260]"
334,8-60s,itr8,Node5,"[793, 806, 793, 1280, 793, 793, 793, 1201, 793, 793, 1122, 793, 793, 1135, 793, 793, 1253, 793, 793, 793, 793, 793, 793, 793, 793, 1635, 793, 2003, 793, 793, 793, 790, 784, 784, 784, 784, 784, 260]"
335,8-60s,itr8,Node4,"[793, 806, 1503, 793, 793, 1280, 793, 793, 1122, 793, 793, 1201, 793, 793, 793, 793, 1135, 793, 1253, 793, 793, 793, 793, 793, 1635, 793, 2003, 793, 793, 793, 790, 784, 784, 784, 784, 784, 784, 260]"
336,8-60s,itr9,Node5,"[1148, 911, 793, 793, 1358, 793, 793, 1069, 793, 793, 793, 793, 793, 2055, 793, 1030, 793, 793, 1543, 793, 793, 793, 793, 793, 793, 793, 846, 793, 1328]"
337,8-60s,itr9,Node4,"[793, 898, 793, 793, 925, 1030, 1266, 872, 1043, 872, 951, 990, 885, 1004, 806, 872, 872, 1700, 793, 793, 793, 2765, 793, 793, 793, 793, 793, 793, 793, 793, 793, 793, 2410, 1003]"
338,8-60s,itr9,Node 2,"[1280, 898, 911, 1727, 1056, 793, 1358, 793, 793, 1069, 793, 1306, 793, 793, 2055, 1293, 793, 1030, 793, 793, 1543, 793, 1529, 793, 793, 793, 793, 793, 793, 793, 846, 793, 1328]"
339,8-60s,itr9,Node 3,"[898, 859, 911, 1727, 793, 1358, 793, 1069, 793, 793, 793, 2055, 793, 1030, 793, 1543, 793, 793, 793, 793, 793, 793, 793, 846, 793, 1328]"
340,8-60s,itr9,Node 1,"[859, 898, 911, 1727, 793, 793, 1358, 793, 1069, 793, 793, 1306, 793, 1293, 2055, 793, 793, 1030, 793, 1543, 793, 793, 793, 793, 793, 793, 793, 793, 846, 793, 1328]"
341,8-60s,itr10,Node 1,"[898, 990, 793, 793, 793, 2108, 793, 793, 793, 793, 1700, 793, 793, 1687, 793, 1674, 1674, 793, 951, 793, 2038, 784, 784, 784, 784, 784, 784, 784, 784, 784, 784, 103]"
342,8-60s,itr10,Node 2,"[898, 990, 793, 793, 2108, 1713, 793, 793, 2607, 1700, 793, 2252, 793, 793, 4461, 1674, 793, 951, 793, 2038, 784, 784, 784, 784, 784, 784, 784, 784, 784, 784, 103]"
343,8-60s,itr10,Node 3,"[898, 990, 793, 793, 793, 793, 1266, 2108, 793, 793, 793, 793, 1700, 793, 793, 793, 793, 793, 793, 951, 793, 793, 2038, 784, 784, 784, 784, 784, 784, 784, 784, 784, 784, 103]"
344,8-60s,itr10,Node4,"[898, 793, 793, 793, 1266, 793, 2108, 793, 1713, 793, 1700, 2607, 793, 1687, 793, 793, 1674, 4461, 793, 951, 793, 2038, 784, 784, 784, 784, 784, 784, 784, 784, 103]"
345,8-60s,itr10,Node5,"[898, 1056, 793, 793, 1240, 793, 2108, 793, 793, 793, 793, 1700, 793, 793, 793, 793, 793, 793, 951, 793, 793, 2038, 784, 784, 784, 784, 784, 784, 784, 784, 784, 784, 103]"
346,8-60s,itr1,Node 1,"[1056, 977, 885, 1082, 793, 793, 1293, 990, 833, 898, 806, 1674, 793, 1122, 1240, 1542, 833, 793, 793, 793, 793, 898, 793, 819, 846, 846, 846, 833, 846, 1135, 1135, 1174, 793, 4108, 784, 784, 784, 784, 784, 784, 784, 784, 621]"
347,8-60s,itr1,Node 2,"[1056, 977, 885, 1082, 793, 793, 1293, 990, 833, 898, 806, 1674, 819, 793, 1122, 1240, 1542, 833, 793, 793, 793, 793, 898, 793, 819, 846, 846, 846, 833, 846, 1135, 1135, 1174, 4108, 793, 784, 784, 784, 784, 784, 784, 784, 784, 621]"
348,8-60s,itr1,Node 3,"[1056, 977, 885, 1082, 793, 793, 1293, 990, 833, 898, 806, 1674, 819, 793, 1122, 1240, 1542, 833, 793, 793, 793, 793, 898, 793, 819, 846, 846, 846, 833, 846, 1135, 1135, 1174, 793, 4108, 784, 784, 784, 784, 784, 784, 784, 784, 621]"
349,8-60s,itr1,Node4,"[1056, 977, 885, 1082, 793, 793, 1293, 990, 833, 898, 806, 1674, 819, 793, 1122, 1240, 1542, 833, 793, 793, 793, 793, 806, 898, 793, 819, 846, 846, 846, 833, 846, 1135, 1135, 1174, 793, 4108, 784, 784, 784, 784, 784, 784, 784, 784, 621]"
350,8-60s,itr1,Node5,"[1056, 977, 885, 1082, 793, 793, 1293, 990, 833, 898, 806, 1674, 819, 793, 1122, 1240, 1542, 833, 793, 793, 793, 793, 898, 793, 819, 846, 846, 846, 833, 846, 1135, 1135, 1174, 4108, 784, 784, 784, 784, 784, 784, 784, 784, 621]"
351,16-60s,itr1,Node 2,"[823, 2009, 1996, 1825, 1825, 2022, 1957, 2035, 1996, 1878, 3376, 1944, 1930, 1891, 2049, 2083, 1568, 1568, 1402]"
352,16-60s,itr1,Node4,"[823, 2009, 1996, 1825, 1825, 2075, 1957, 2035, 1996, 1878, 2114, 2877, 1944, 1930, 1891, 2049, 2083, 1568, 1568, 1402]"
353,16-60s,itr1,Node 3,"[823, 2009, 1996, 1615, 2075, 2312, 1970, 2035, 1878, 2114, 2877, 1944, 1930, 1891, 2049, 2083, 1568, 1568, 1402]"
354,16-60s,itr1,Node5,[]
355,16-60s,itr1,Node 1,"[823, 2009, 1996, 1825, 1825, 2022, 1957, 1943, 2035, 1996, 1878, 2114, 2877, 1944, 1930, 1891, 2049, 2083, 1568, 1568, 1402]"
356,16-60s,itr2,Node 2,"[1628, 2745, 1575, 2588, 1575, 1575, 3705, 2575, 1575, 4086, 2693, 1568, 2417, 1568, 1575, 2410, 1575, 1575, 1568, 1568, 1575, 1568, 1575, 3363, 1568, 825, 1382]"
357,16-60s,itr2,Node5,"[1628, 2745, 1575, 2588, 1575, 2575, 3705, 1575, 2693, 4086, 1568, 1568, 1568, 1575, 1575, 2410, 1575, 1575, 1568, 1568, 1575, 1575, 1568, 1575, 3363, 1568, 825, 1382]"
358,16-60s,itr2,Node4,"[1628, 2745, 1575, 1575, 1575, 2575, 1575, 1575, 4086, 1568, 1568, 1568, 1575, 1575, 2410, 1575, 1575, 1575, 1575, 1568, 1575, 3363, 1568, 825, 1382]"
359,16-60s,itr2,Node 3,"[1628, 2745, 1575, 1575, 1575, 2575, 1575, 1575, 4086, 1568, 1568, 2417, 1575, 2410, 1575, 1568, 1568, 1568, 1568, 1575, 3363, 1568, 825, 1382]"
360,16-60s,itr2,Node 1,"[1628, 2745, 1575, 1575, 1575, 2575, 1575, 1575, 4086, 1568, 1568, 1575, 2410, 1575, 1575, 1568, 1568, 1575, 1568, 1575, 3363, 1568, 825, 1382]"
361,16-60s,itr3,Node4,"[1891, 1667, 1589, 4099, 3981, 1575, 1575, 1568, 4691, 1568, 1568, 2376, 1568, 1568, 1568, 1568, 1568, 1568, 1568, 1568, 1568, 987]"
362,16-60s,itr3,Node5,"[1891, 1746, 1589, 1667, 4099, 1568, 3981, 1575, 1568, 1575, 4691, 1568, 2376, 1568, 1568, 1568, 1568, 1568, 1568, 987]"
363,16-60s,itr3,Node 2,"[1891, 1746, 4099, 2298, 3981, 1568, 1575, 4691, 1575, 1568, 2376, 1568, 1568, 1568, 1568, 1568, 1568, 1568, 1568, 1568, 1568, 987]"
364,16-60s,itr3,Node 3,"[1891, 1746, 1589, 4099, 3981, 1575, 1575, 4691, 1568, 2376, 1568, 1568, 1568, 1568, 1568, 1568, 987]"
365,16-60s,itr3,Node 1,"[1891, 1746, 2298, 4099, 3981, 1575, 1568, 1575, 4691, 1568, 1575, 2376, 1568, 1568, 1568, 1568, 1568, 1568, 1568, 1568, 987]"
366,16-60s,itr4,Node4,"[1681, 1667, 3022, 1575, 1568, 2561, 1575, 2377, 1568, 4073, 1568, 2890, 1568, 1568, 1568, 1568, 1795, 1568, 1795, 1575, 1795, 878, 1568, 478]"
367,16-60s,itr4,Node5,"[1681, 2009, 3022, 1575, 1575, 1575, 2377, 1568, 4073, 1568, 2890, 1568, 1568, 1568, 1568, 1568, 1568, 1568, 1575, 1795, 878, 1568, 478]"
368,16-60s,itr4,Node 2,"[1681, 3022, 1667, 1575, 2561, 1568, 1575, 2377, 1568, 4073, 1568, 2890, 1568, 1568, 1568, 1795, 1795, 1568, 1568, 1795, 878, 1568, 478]"
369,16-60s,itr4,Node 3,"[1681, 2009, 1575, 1575, 2377, 1568, 4073, 1568, 2890, 1568, 1568, 1568, 1568, 1795, 1568, 1795, 878, 1568, 478]"
370,16-60s,itr4,Node 1,"[1681, 2009, 1786, 3022, 1575, 1575, 2561, 1575, 2377, 1568, 4073, 1568, 2890, 1568, 1568, 1568, 1568, 1568, 1568, 1575, 1568, 1795, 878, 1568, 478]"
371,16-60s,itr5,Node4,"[1759, 2574, 1878, 2075, 3363, 1746, 2680, 1575, 1568, 1575, 1575, 1575, 1575, 2535, 1838, 3607, 1595, 605, 746]"
372,16-60s,itr5,Node 2,"[2114, 2574, 1759, 1878, 3363, 2075, 3508, 1746, 2680, 3521, 1575, 1568, 4946, 1575, 1575, 4927, 1838, 3607, 1595, 605, 746]"
373,16-60s,itr5,Node5,"[2114, 1865, 1917, 2075, 1746, 2680, 1568, 1575, 1575, 1575, 1575, 1575, 1838, 3607, 1568, 1595, 605, 746]"
374,16-60s,itr5,Node 1,"[2114, 1878, 1917, 2075, 1746, 1707, 2680, 1575, 1575, 1568, 1575, 1575, 1575, 1575, 1838, 1568, 3607, 1595, 605, 746]"
375,16-60s,itr5,Node 3,"[1891, 2430, 1575, 1575, 1602, 3744, 1575, 1575, 1575, 1575, 1575, 1568, 1374, 2114, 1759, 1917, 1878, 2075, 1707, 1746, 2680, 1575, 1575, 1568, 1575, 1575, 1575, 1575, 1838, 3607, 1595, 605, 746]"
376,16-60s,itr6,Node 2,"[1917, 1786, 1786, 3718, 1838, 1733, 4310, 3284, 1575, 2627, 1575, 1575, 4346, 1575, 1568, 1568, 1568, 1568, 1568, 1568, 1568, 173]"
377,16-60s,itr6,Node 1,"[1917, 1786, 1786, 1589, 1838, 1733, 1641, 4310, 1575, 1575, 2627, 1575, 1575, 4346, 1568, 1568, 1568, 1568, 1568, 1568, 1568, 173]"
378,16-60s,itr6,Node 3,"[1917, 1786, 1786, 1838, 3718, 1733, 3284, 4310, 1575, 2627, 1575, 4346, 1568, 1568, 1568, 1568, 1568, 1568, 1568, 173]"
379,16-60s,itr6,Node4,"[1917, 1786, 1786, 2009, 1838, 1733, 1575, 2627, 1575, 1568, 1568, 1568, 1568, 1568, 1568, 1568, 173]"
380,16-60s,itr6,Node5,"[1917, 1786, 1786, 1838, 1733, 4310, 1575, 1575, 1568, 1568, 1568, 1568, 1568, 1568, 1568, 173]"
381,16-60s,itr7,Node5,"[2022, 1746, 1930, 2154, 1575, 1720, 3889, 1575, 1575, 2627, 1575, 1575, 1575, 1575, 1575, 1575, 1575, 3137, 1568, 1568, 1568, 947]"
382,16-60s,itr7,Node 1,"[1865, 1930, 2154, 1720, 1575, 3889, 1575, 1575, 2627, 1575, 1575, 1575, 1575, 1575, 1575, 1575, 1568, 1568, 1568, 947]"
383,16-60s,itr7,Node 2,"[2719, 1865, 2154, 3889, 2167, 1575, 2627, 1575, 1575, 1575, 1575, 1575, 3137, 1568, 1568, 1568, 947]"
384,16-60s,itr7,Node4,"[1930, 1865, 2154, 1575, 1575, 3889, 1575, 1575, 2627, 1575, 1575, 1575, 1575, 3137, 1568, 1568, 1568, 947]"
385,16-60s,itr7,Node 3,"[2022, 1930, 2154, 1575, 3889, 1575, 2627, 1575, 1575, 1575, 3150, 1575, 3137, 1568, 1568, 1568, 947]"
386,16-60s,itr8,Node5,"[2049, 1575, 1694, 2009, 1575, 1575, 2233, 4652, 1568, 1575, 1568, 1568, 2127, 1575, 1575, 2114, 1568, 1568, 1568, 1568, 167]"
387,16-60s,itr8,Node 1,"[1917, 2049, 1957, 1786, 1694, 2009, 1694, 1575, 1720, 1575, 4652, 1568, 1575, 1568, 2141, 1568, 1575, 2127, 1575, 1575, 1575, 2114, 2627, 2969, 1568, 1568, 1568, 167]"
388,16-60s,itr8,Node4,"[1917, 2049, 1786, 1957, 1694, 2009, 1575, 1799, 4652, 1568, 1575, 1568, 1568, 2127, 1575, 1575, 2114, 1568, 1568, 1568, 1568, 167]"
389,16-60s,itr8,Node 2,"[1917, 2049, 2759, 1694, 2009, 1575, 1575, 4652, 1799, 1568, 2141, 1568, 1568, 2127, 1575, 1575, 2114, 2969, 2627, 1568, 1568, 1568, 167]"
390,16-60s,itr8,Node 3,"[2049, 1694, 1575, 2009, 1575, 1575, 1720, 4652, 1575, 1568, 1568, 1568, 2127, 1575, 1575, 2114, 1568, 1568, 1568, 167]"
391,16-60s,itr9,Node5,"[1838, 1799, 1904, 3035, 1575, 1575, 3140, 1575, 3127, 1575, 1575, 1575, 1575, 1568, 1568, 1575, 1568, 1568, 1568, 295]"
392,16-60s,itr9,Node 3,"[1838, 1799, 3035, 1575, 1575, 1575, 1575, 3429, 1575, 3416, 1575, 1568, 1568, 1568, 1575, 1568, 1568, 1568, 295]"
393,16-60s,itr9,Node4,"[1838, 1957, 3035, 1575, 1575, 3127, 1575, 1575, 3416, 1568, 1568, 1575, 1575, 1568, 1568, 1568, 295]"
394,16-60s,itr9,Node 2,"[1838, 1799, 3035, 1957, 1575, 3140, 1575, 1575, 3429, 1575, 1575, 5098, 3416, 1568, 1568, 3752, 3745, 1568, 1568, 1568, 295]"
395,16-60s,itr9,Node 1,"[1838, 2009, 3035, 1575, 1575, 3140, 1575, 3127, 1575, 1575, 1575, 3416, 1568, 1568, 1575, 1568, 1568, 1568, 295]"
396,16-60s,itr10,Node 2,"[2496, 1812, 2745, 2548, 1568, 1575, 3915, 1575, 1575, 4770, 1575, 1575, 5092, 4757, 4750, 1568, 1568, 1897, 1575, 1891, 1568, 1413, 641]"
397,16-60s,itr10,Node 3,"[2496, 1812, 1568, 1575, 2548, 1575, 1568, 1575, 1575, 1575, 1575, 4757, 4750, 1568, 1568, 1568, 1897, 1568, 1413, 641]"
398,16-60s,itr10,Node 1,"[2496, 1812, 1575, 1568, 2548, 1568, 1575, 1575, 1568, 1575, 1575, 1575, 1575, 1575, 1568, 1568, 1568, 1575, 1897, 1568, 1413, 641]"
399,16-60s,itr10,Node5,"[2496, 1812, 1575, 1575, 2548, 1575, 1568, 1575, 1575, 1575, 1575, 1575, 4757, 1575, 1568, 1568, 1568, 1897, 1568, 1891, 1413, 641]"
400,16-60s,itr10,Node4,"[2496, 1812, 1568, 1568, 2548, 1568, 1575, 1575, 3915, 1575, 3902, 1575, 1575, 3889, 1575, 1575, 1568, 1568, 1897, 1568, 1891, 1413, 641]"
401,32-60s,itr1,Node 2,"[3652, 4310, 4376, 3653, 4191, 4533, 6860, 3136, 2554]"
402,32-60s,itr1,Node 3,"[3652, 4310, 4376, 3653, 4191, 4533, 3797, 4402, 4573, 2554]"
403,32-60s,itr1,Node5,"[3652, 4310, 4376, 3653, 4191, 4533, 4113, 3136]"
404,32-60s,itr1,Node4,"[3652, 4310, 4376, 3653, 4191, 4533, 3140, 3797, 3136, 2554]"
405,32-60s,itr1,Node 1,"[3652, 4310, 4376, 3653, 4191, 4533, 4402, 4573, 2554]"
406,32-60s,itr2,Node 2,"[4507, 4152, 3495, 4809, 4047, 4349, 4599, 4744, 3986]"
407,32-60s,itr2,Node5,"[4507, 3942, 4809, 4349, 4599, 4744, 3986]"
408,32-60s,itr2,Node 3,"[4507, 4152, 3495, 4809, 4047, 4349, 4599, 4744, 3986]"
409,32-60s,itr2,Node 1,"[4507, 4152, 3495, 4809, 4047, 4349, 4599, 4744, 3986]"
410,32-60s,itr2,Node4,"[1638, 4507, 4152, 3495, 4809, 4047, 4349, 4599, 4744, 3986]"
411,32-60s,itr3,Node5,"[3797, 3837, 3232, 9608, 3136, 3140, 1698, 3140, 4566, 400, 709]"
412,32-60s,itr3,Node4,"[3797, 3837, 3140, 3232, 9608, 3136, 3140, 1698, 3136, 3140, 400, 709]"
413,32-60s,itr3,Node 1,"[3797, 3837, 3232, 3140, 9608, 3136, 3140, 1698, 3136, 3140, 4566, 709]"
414,32-60s,itr3,Node 2,"[3797, 3837, 3232, 9608, 3136, 3140, 4570, 3136, 3140, 4566, 400, 709]"
415,32-60s,itr3,Node 3,"[3797, 3837, 3232, 9608, 3136, 3140, 1698, 3136, 3140, 4566, 400, 709]"
416,32-60s,itr4,Node4,"[5887, 3136, 3140, 3136, 3455, 10935, 3136, 3136, 925, 3136, 4928, 761, 4504]"
417,32-60s,itr4,Node5,"[5887, 3136, 3140, 3136, 10935, 3136, 3136, 925, 3136, 3136, 761, 4504]"
418,32-60s,itr4,Node 2,"[5887, 3136, 3140, 3140, 10935, 3455, 3136, 3136, 925, 4928, 3136, 761, 4504]"
419,32-60s,itr4,Node 3,"[5887, 3136, 3136, 3140, 10935, 3136, 925, 3136, 3136, 761, 4504]"
420,32-60s,itr4,Node 1,"[5887, 3136, 3140, 3136, 10935, 3455, 3136, 3136, 925, 3136, 3136, 761, 4504]"
421,32-60s,itr5,Node5,"[3140, 3771, 3324, 3390, 8865, 2666, 3136, 3136, 3136, 2709, 3136, 870, 2862]"
422,32-60s,itr5,Node4,"[3140, 3771, 3324, 3350, 8865, 2666, 3136, 3136, 2709, 3136, 870]"
423,32-60s,itr5,Node 1,"[3140, 3771, 3390, 3324, 8865, 2666, 3136, 3136, 3136, 2709, 3136, 870, 2862]"
424,32-60s,itr5,Node 2,"[3140, 3771, 3324, 8865, 3350, 2666, 3136, 3136, 3136, 2709, 870, 2862]"
425,32-60s,itr5,Node 3,"[3140, 3771, 7241, 3324, 8865, 2666, 3136, 3136, 3136, 2709, 3136, 870, 2862]"
426,32-60s,itr6,Node5,"[4580, 3337, 3140, 7149, 3136, 2779, 4277, 2627, 495]"
427,32-60s,itr6,Node4,"[4580, 2786, 3140, 3337, 7149, 3136, 2779, 4277, 2627, 495]"
428,32-60s,itr6,Node 2,"[4580, 2786, 3140, 7149, 3136, 2779, 4277, 2627, 495]"
429,32-60s,itr6,Node 1,"[4580, 3136, 3140, 7149, 3136, 2779, 4277, 2627, 495]"
430,32-60s,itr6,Node 3,"[2786, 3140, 7149, 3136, 2779, 4277, 2627, 495]"
431,32-60s,itr7,Node5,"[4297, 3140, 3179, 3574, 6637, 3136, 3136, 3140, 4210, 3136, 3136, 1373]"
432,32-60s,itr7,Node4,"[4297, 3179, 3574, 6637, 3140, 3140, 4210, 3136, 3136, 1373]"
433,32-60s,itr7,Node 2,"[4297, 3179, 3574, 6637, 3140, 3140, 4210, 3136, 3136, 1373]"
434,32-60s,itr7,Node 3,"[4297, 3179, 3140, 3574, 6637, 3140, 3136, 3140, 4210, 3136, 3136, 1373]"
435,32-60s,itr7,Node 1,"[4297, 3140, 3179, 3574, 6637, 3136, 3136, 3140, 4210, 3136, 3136, 1373]"
436,32-60s,itr8,Node4,"[3337, 3613, 5703, 3140, 3140, 6018, 3136, 2957, 3136, 242]"
437,32-60s,itr8,Node5,"[3337, 3613, 5703, 3140, 3140, 6018, 3136, 3136, 2957, 3136, 242]"
438,32-60s,itr8,Node 2,"[3337, 3613, 5703, 3140, 3140, 6018, 3136, 3136, 2957, 3136, 242]"
439,32-60s,itr8,Node 3,"[3337, 3613, 5703, 3140, 3140, 3140, 6018, 3136, 2957, 3136, 242]"
440,32-60s,itr8,Node 1,"[3337, 3613, 5703, 3140, 3140, 6018, 3136, 3136, 2957, 3136, 242]"
441,32-60s,itr9,Node5,"[3521, 3600, 5440, 3140, 3140, 3140, 5144, 3136, 3136, 606, 3136, 326]"
442,32-60s,itr9,Node 3,"[3521, 3600, 5440, 3140, 3140, 3140, 5144, 3136, 3136, 606, 3136, 326]"
443,32-60s,itr9,Node4,"[3521, 3600, 5440, 3140, 3140, 3140, 5144, 3136, 3136, 606, 3136, 326]"
444,32-60s,itr9,Node 1,"[3521, 3600, 3758, 5440, 3140, 3140, 3140, 5144, 3136, 3136, 606, 3136, 326]"
445,32-60s,itr9,Node 2,"[3521, 5440, 3758, 3140, 3140, 5144, 3136, 3136, 606, 3136, 326]"
446,32-60s,itr10,Node4,"[4244, 3140, 3521, 3560, 7516, 3136, 2382, 3025, 2172]"
447,32-60s,itr10,Node5,"[4244, 3140, 3521, 3560, 7516, 3136, 2382, 3025, 2172]"
448,32-60s,itr10,Node 2,"[4244, 3140, 3521, 7516, 3136, 2382, 3025, 2172]"
449,32-60s,itr10,Node 1,"[4244, 3140, 3521, 3560, 7516, 3136, 2382, 3025, 2172]"
450,32-60s,itr10,Node 3,"[3442, 3140, 3521, 3560, 7516, 3136, 2382, 3025, 2172]"
451,64-60s,itr1,Node5,"[6461, 2867, 4055, 4911, 4815, 8254, 2732, 266, 1016, 266]"
452,64-60s,itr1,Node4,"[6461, 2867, 4055, 4911, 4815, 3824, 266, 1016, 266]"
453,64-60s,itr1,Node 2,"[6461, 2867, 4055, 4911, 4815, 5321, 266, 1016, 266]"
454,64-60s,itr1,Node 3,"[6461, 2867, 4055, 4911, 4815, 4489, 266, 1016, 266]"
455,64-60s,itr1,Node 1,"[6461, 2867, 4055, 4911, 4815, 8254, 2732, 266, 1016, 266]"
456,64-60s,itr2,Node5,"[8122, 11435, 5311, 10431, 4481, 6271, 1947, 4260]"
457,64-60s,itr2,Node4,"[7649, 11435, 5311, 10431, 4481, 6271, 1947, 4260]"
458,64-60s,itr2,Node 1,"[7281, 11435, 5311, 10431, 5038, 4481, 6271, 1947, 4260]"
459,64-60s,itr2,Node 2,"[11435, 8122, 5311, 10431, 4481, 6271, 1947, 4260]"
460,64-60s,itr2,Node 3,"[11435, 5311, 10431, 4481, 5038, 6271, 1947, 4260]"
461,64-60s,itr3,Node5,"[6598, 4341, 6271, 10122, 4990, 4954, 4599, 176]"
462,64-60s,itr3,Node4,"[6598, 4341, 6271, 10122, 4990, 4954, 4599, 176]"
463,64-60s,itr3,Node 1,"[6598, 4341, 6271, 10122, 4990, 4954, 4599, 176]"
464,64-60s,itr3,Node 2,"[6598, 4341, 6271, 10122, 4990, 4599, 176]"
465,64-60s,itr3,Node 3,"[6598, 4341, 6271, 10122, 4954, 4599, 176]"
466,64-60s,itr4,Node5,"[7117, 5880, 4137, 2750, 5796, 2540, 5723, 3275]"
467,64-60s,itr4,Node4,"[7117, 4137, 2750, 5796, 2540, 5723, 3275]"
468,64-60s,itr4,Node 1,"[5880, 4137, 2750, 5796, 2540, 5723, 3275]"
469,64-60s,itr4,Node 2,"[7117, 5762, 4137, 4971, 2750, 5796, 2540, 5723, 3275]"
470,64-60s,itr4,Node 3,"[5762, 4137, 4971, 2750, 5796, 2540, 5723, 3275]"
471,64-60s,itr5,Node4,"[5034, 7149, 7030, 6271, 9776, 2243, 6271, 1373, 1176, 1176]"
472,64-60s,itr5,Node5,"[5034, 7030, 6271, 2243, 6271, 1373, 1176]"
473,64-60s,itr5,Node 2,"[5034, 7030, 7149, 6271, 9776, 2243, 6271, 1373, 1176]"
474,64-60s,itr5,Node 1,"[7031, 7149, 6271, 9776, 2243, 6271, 1373, 1176]"
475,64-60s,itr5,Node 3,"[5034, 7030, 6271, 9776, 2243, 6271, 1373, 1176]"
476,64-60s,itr6,Node5,"[6860, 9535, 3141, 5779, 6282, 4715, 692, 1601]"
477,64-60s,itr6,Node4,"[6860, 9535, 3141, 5779, 2699, 6282, 692, 1601]"
478,64-60s,itr6,Node 2,"[6860, 9535, 3141, 5779, 2699, 6282, 692, 1601]"
479,64-60s,itr6,Node 1,"[6860, 9535, 3141, 5779, 4715, 6282, 692, 1601]"
480,64-60s,itr6,Node 3,"[6860, 3141, 5779, 2699, 6282, 692, 1601]"
481,64-60s,itr7,Node 2,"[6402, 7899, 6479, 3150, 2817, 6138]"
482,64-60s,itr7,Node5,"[6402, 7899, 6479, 8057, 3150, 6138]"
483,64-60s,itr7,Node 1,"[6402, 7899, 6479, 8057, 3150, 6138]"
484,64-60s,itr7,Node 3,"[7006, 3701, 6531, 5081, 7003, 173, 6402, 7899, 6479, 8057, 4270, 3150, 6138]"
485,64-60s,itr7,Node4,"[6402, 7899, 6479, 8057, 3150, 6138]"
486,64-60s,itr8,Node4,"[7049, 6271, 8576, 2978, 2968, 3445, 6771, 3327]"
487,64-60s,itr8,Node5,"[7049, 6271, 8576, 2968, 3445, 3327]"
488,64-60s,itr8,Node 2,"[7049, 6271, 8576, 2978, 2968, 6771, 3445, 3327]"
489,64-60s,itr8,Node 3,"[7049, 6271, 2978, 3673, 2968, 3936, 3445, 3327]"
490,64-60s,itr8,Node 1,"[7049, 6271, 3673, 2978, 2968, 3445, 3327]"
491,64-60s,itr9,Node 2,"[7105, 3760, 7912, 10383, 5850, 8056, 4937]"
492,64-60s,itr9,Node4,"[7105, 3760, 7912, 5850, 8056, 4937]"
493,64-60s,itr9,Node5,"[7105, 3760, 7912, 5850, 10383, 8056, 4723, 4937]"
494,64-60s,itr9,Node 1,"[7105, 3760, 7912, 5850, 8056, 4937]"
495,64-60s,itr9,Node 3,"[7105, 3760, 7912, 5850, 8056, 4937]"
496,64-60s,itr10,Node5,"[7178, 2899, 8308, 4470, 6175, 4546]"
497,64-60s,itr10,Node4,"[7178, 2899, 8308, 4470, 6175, 4546]"
498,64-60s,itr10,Node 3,"[7178, 2899, 8308, 4470, 6175, 4546]"
499,64-60s,itr10,Node 2,"[7178, 2899, 8308, 4470, 6175, 4546]"
500,64-60s,itr10,Node 1,"[7178, 2899, 8308, 4470, 6175, 4546]"
501,128-60s,itr1,Node 2,"[3425, 3924, 2176, 5117, 8022, 3767, 2388, 6038]"
502,128-60s,itr1,Node5,"[3425, 3924, 2176, 5117, 8022, 2388, 6038]"
503,128-60s,itr1,Node4,"[9, 277, 16, 650, 3425, 3924, 2176, 5117, 8022, 3767, 2388, 6038]"
504,128-60s,itr1,Node 3,"[9, 277, 16, 650, 3425, 3924, 2176, 5117, 3767, 2388, 6038]"
505,128-60s,itr1,Node 1,"[3425, 3924, 2176, 5117, 8022, 3767, 2388, 6038]"
506,128-60s,itr2,Node 2,"[6067, 7571, 7425, 3823, 2751, 7085]"
507,128-60s,itr2,Node5,"[6067, 7571, 7425, 3823, 2751, 7085]"
508,128-60s,itr2,Node4,"[6067, 7571, 7425, 3823, 2751, 7085]"
509,128-60s,itr2,Node 3,"[6067, 7571, 7425, 3823, 2751, 7085]"
510,128-60s,itr2,Node 1,"[6067, 7571, 7425, 3823, 2751, 7085]"
511,128-60s,itr3,Node4,"[10811, 10563, 3242, 9106, 5647, 5539]"
512,128-60s,itr3,Node 2,"[9312, 10563, 3242, 9106, 5647, 5539]"
513,128-60s,itr3,Node5,"[9312, 3242, 9106, 5647, 5539]"
514,128-60s,itr3,Node 3,"[10152, 10563, 3242, 9106, 5647, 5539]"
515,128-60s,itr3,Node 1,"[10563, 9312, 3242, 9106, 5647, 5539]"
516,128-60s,itr4,Node4,"[7404, 8670, 1233, 6995, 3552]"
517,128-60s,itr4,Node 3,"[7404, 1233, 330, 3552]"
518,128-60s,itr4,Node5,"[7404, 8670, 1233, 13816, 6995, 3552]"
519,128-60s,itr4,Node 2,"[7404, 8670, 1233, 13816, 6995, 3552]"
520,128-60s,itr4,Node 1,"[7404, 8670, 1233, 13816, 6995, 3552]"
521,128-60s,itr5,Node4,"[6536, 6021, 3022, 10658, 3044, 3981, 378]"
522,128-60s,itr5,Node 3,"[6536, 6021, 3022, 10658, 10689, 3981, 6332, 378]"
523,128-60s,itr5,Node 2,"[6536, 6021, 3022, 10658, 3044, 3981, 6332, 378]"
524,128-60s,itr5,Node5,"[6536, 6021, 3022, 10658, 3044, 6332, 378]"
525,128-60s,itr5,Node 1,"[6536, 6021, 3022, 10658, 3981, 10689, 6332, 378]"
526,128-60s,itr6,Node4,"[8366, 5905, 7704, 5221, 6887]"
527,128-60s,itr6,Node5,"[8366, 5905, 7704, 5221, 6887]"
528,128-60s,itr6,Node 2,"[8366, 5905, 7704, 5221, 6887]"
529,128-60s,itr6,Node 3,"[8366, 5905, 7704, 5221, 6887]"
530,128-60s,itr6,Node 1,"[8366, 5905, 7704, 5221, 6887]"
531,128-60s,itr7,Node 2,"[6887, 7268, 10876, 3965, 3892, 9490]"
532,128-60s,itr7,Node 1,"[6887, 7268, 3965, 10876, 3892, 9490]"
533,128-60s,itr7,Node5,"[6887, 7268, 3436, 3965, 3892, 9490]"
534,128-60s,itr7,Node4,"[6887, 7268, 3436, 3965, 3892, 9490]"
535,128-60s,itr7,Node 3,"[6887, 7268, 3436, 3965, 3892, 9490]"
536,128-60s,itr8,Node 3,"[8287, 1580, 10187, 6882]"
537,128-60s,itr8,Node4,"[8287, 8294, 1580, 6882]"
538,128-60s,itr8,Node 2,[]
539,128-60s,itr8,Node5,"[8287, 8294, 10187, 1580, 6882, 13046]"
540,128-60s,itr8,Node 1,"[8287, 8294, 1580, 6882, 13046]"
541,128-60s,itr9,Node4,"[7332, 3807, 9009, 5737, 4841, 3245, 1665, 953]"
542,128-60s,itr9,Node 2,"[7332, 3807, 9009, 5737, 3245, 1665, 953]"
543,128-60s,itr9,Node 1,"[7332, 3807, 9009, 4841, 2907, 3245, 1665, 953]"
544,128-60s,itr9,Node5,"[7332, 3807, 9009, 2907, 4841, 3245, 1665, 953]"
545,128-60s,itr9,Node 3,"[7332, 3807, 9009, 5737, 7711, 4841, 3245, 1665, 953]"
546,128-60s,itr10,Node5,"[5890, 8222, 3012, 3345, 283, 5596]"
547,128-60s,itr10,Node4,"[5890, 8222, 6524, 3012, 3345, 283, 5596]"
548,128-60s,itr10,Node 1,"[5890, 8222, 6524, 3012, 3345, 283, 5596]"
549,128-60s,itr10,Node 2,"[5890, 8222, 6524, 3345, 283, 5596]"
550,128-60s,itr10,Node 3,"[5890, 8222, 6524, 3012, 3345, 283, 5596]"
551,256-60s,itr1,Node5,"[2483, 8601, 10711, 13672, 6178, 8492, 6991]"
552,256-60s,itr1,Node4,"[2483, 8601, 10711, 13672, 6235, 8492, 6991]"
553,256-60s,itr1,Node 2,"[2483, 8601, 10711, 13672, 6235, 8492, 6991]"
554,256-60s,itr1,Node 3,"[2483, 8601, 10711, 13672, 6178, 8492, 6991]"
555,256-60s,itr1,Node 1,"[2483, 8601, 10711, 5575, 8492]"
556,256-60s,itr3,Node 2,"[8856, 9898, 5543, 9604, 4584, 2116, 1489, 3550]"
557,256-60s,itr3,Node 3,"[8856, 9898, 5543, 9604, 744, 2116, 1489, 3550]"
558,256-60s,itr3,Node4,"[8856, 9898, 5543, 9604, 4584, 2116, 1489, 3550]"
559,256-60s,itr3,Node 1,"[8856, 5543, 9604, 4584, 2116, 1489, 3550]"
560,256-60s,itr3,Node5,"[8856, 9898, 5543, 9604, 2116, 744, 1489, 3550]"
561,256-60s,itr2,Node 2,"[9344, 15976, 6182, 13169, 4551, 3165, 529, 677]"
562,256-60s,itr2,Node5,"[9344, 7555, 2910, 13169, 4551, 3165, 529, 677]"
563,256-60s,itr2,Node 3,"[9344, 2910, 7555, 13169, 4551, 3165, 529, 677]"
564,256-60s,itr2,Node 1,"[9344, 7740, 6182, 13169, 4551, 3165, 529, 677]"
565,256-60s,itr2,Node4,"[7404, 8670, 1233, 6995, 3552]"
566,256-60s,itr4,Node5,"[9026, 10382, 4153, 11037, 2881, 2061, 9178]"
567,256-60s,itr4,Node4,"[9026, 4153, 1745, 11037, 2881, 2061, 2604]"
568,256-60s,itr4,Node 1,"[9026, 10382, 1745, 11037, 2881, 9178]"
569,256-60s,itr4,Node 2,"[9026, 10382, 4153, 11037, 2881, 9178, 2061]"
570,256-60s,itr4,Node 3,"[9026, 1745, 4153, 11037, 2881, 2604]"
571,256-60s,itr5,Node5,"[6800, 11475, 3818, 7293, 3556, 4568, 5404]"
572,256-60s,itr5,Node4,"[6800, 11475, 7293, 9800, 3556, 4568, 5404]"
573,256-60s,itr5,Node 3,"[6800, 11475, 3818, 7293, 3556, 4568, 5404]"
574,256-60s,itr5,Node 2,"[6800, 11475, 3818, 7293, 3556, 4568, 5404]"
575,256-60s,itr5,Node 1,"[6800, 11475, 9800, 7293, 3556, 4568, 5404]"
576,256-60s,itr6,Node 2,"[9028, 6180, 9807, 4179, 6074, 842]"
577,256-60s,itr6,Node5,"[9028, 6180, 9807, 7652, 4179, 6074, 842]"
578,256-60s,itr6,Node 3,"[9028, 6180, 9807, 7652, 4179, 6074, 842]"
579,256-60s,itr6,Node4,"[9028, 6180, 9807, 7652, 4179, 6074, 842]"
580,256-60s,itr6,Node 1,"[9028, 6180, 9807, 7652, 4179, 6074, 842]"
581,256-60s,itr7,Node5,"[6076, 12647, 2858, 5780, 3403, 11291, 564]"
582,256-60s,itr7,Node4,"[6076, 12647, 6052, 5780, 3403, 11291, 564]"
583,256-60s,itr7,Node 2,"[4179, 6074, 842, 6076, 12647, 2858, 6052, 3403, 11291, 564]"
584,256-60s,itr7,Node 1,"[6076, 12647, 5780, 6052, 3403, 11291, 564]"
585,256-60s,itr7,Node 3,"[6076, 12647, 2858, 6052, 3403, 11291, 564]"
586,256-60s,itr8,Node5,"[6947, 6192, 8549, 2941, 14664, 37]"
587,256-60s,itr8,Node 1,"[6947, 8549, 6192, 2941, 14664, 37]"
588,256-60s,itr8,Node4,"[6947, 5368, 8549, 2941, 14664, 37]"
589,256-60s,itr8,Node 2,"[6947, 5368, 8549, 2941, 37]"
590,256-60s,itr8,Node 3,"[6947, 5368, 8549, 2941, 14664, 37]"
591,256-60s,itr9,Node5,"[3661, 4543, 2851, 3118, 4838, 7658, 1294]"
592,256-60s,itr9,Node4,"[3661, 4543, 7985, 3118, 4838, 7658, 1294]"
593,256-60s,itr9,Node 2,"[3661, 4543, 7985, 3118, 2851, 4838, 7658, 1294]"
594,256-60s,itr9,Node 1,"[3661, 4543, 7985, 3118, 4838, 7658, 1294]"
595,256-60s,itr9,Node 3,"[3661, 4543, 7985, 3118, 4838, 7658, 1294]"
596,256-60s,itr10,Node5,"[6187, 4393, 7307, 1942, 10483, 251, 2081]"
597,256-60s,itr10,Node4,"[6187, 4393, 7307, 8452, 1942, 10483, 251, 2081]"
598,256-60s,itr10,Node 2,"[6187, 4393, 7307, 8452, 1942, 12813, 10483, 251, 2081]"
599,256-60s,itr10,Node 3,"[6187, 4393, 7307, 9543, 8452, 1942, 10483, 251, 2081]"
600,256-60s,itr10,Node 1,"[6187, 4393, 7307, 8452, 9543, 1942, 10483, 12813, 251, 2081]"
601,256-100s,itr1,Node5,"[3011, 8161, 3261, 14599, 9058, 14987]"
602,256-100s,itr1,Node4,"[3011, 8161, 3261, 14599, 9058, 14987]"
603,256-100s,itr1,Node 2,"[3011, 8161, 3261, 14599, 9058, 14987]"
604,256-100s,itr1,Node 1,"[3011, 8161, 3261, 14599, 9058, 14987]"
605,256-100s,itr1,Node 3,"[3011, 8161, 3261, 9058, 14987]"
606,256-100s,itr2,Node5,"[2, 14740, 10831, 18020, 311]"
607,256-100s,itr2,Node4,"[2, 14740, 10831, 18020, 311]"
608,256-100s,itr2,Node 2,"[2, 14740, 10831, 18020, 311]"
609,256-100s,itr2,Node 3,"[2, 14740, 10831, 18020, 311]"
610,256-100s,itr2,Node 1,"[2, 14740, 10831]"
611,256-100s,itr3,Node 2,"[14300, 6173, 7098, 6836, 6938, 2055]"
612,256-100s,itr3,Node 3,"[14300, 14122, 6836, 6938, 2055]"
613,256-100s,itr3,Node 1,"[14300, 4398, 6173, 6836, 6938, 2055]"
614,256-100s,itr3,Node5,"[14300, 7098, 6173, 6836, 6938, 2055]"
615,256-100s,itr3,Node4,"[14300, 14122, 6173, 6836, 6938, 2055]"
616,256-100s,itr4,Node4,"[11869, 12112, 9933, 8874, 4745]"
617,256-100s,itr4,Node5,"[12112, 10100, 9933, 8874, 4745]"
618,256-100s,itr4,Node 1,"[11869, 12112, 9933, 8874, 4745]"
619,256-100s,itr4,Node 2,"[11869, 12112, 9933, 8874, 4745]"
620,256-100s,itr4,Node 3,"[11869, 10100, 12112, 9933, 8874, 4745]"
621,256-100s,itr5,Node5,"[11734, 13430, 13924, 6282]"
622,256-100s,itr5,Node 2,"[11734, 13430, 13924, 6282, 1179]"
623,256-100s,itr5,Node 3,"[11734, 13430, 13924, 6282]"
624,256-100s,itr5,Node4,"[11734, 13430, 13924, 6282]"
625,256-100s,itr5,Node 1,"[11734, 13430, 1179, 6282]"
626,256-100s,itr6,Node 2,"[11997, 4490, 16613, 6227, 2520]"
627,256-100s,itr6,Node4,"[11997, 4490, 16613, 6227, 2520]"
628,256-100s,itr6,Node 3,"[11997, 4490, 16613, 6227, 2520]"
629,256-100s,itr6,Node 1,"[11997, 4490, 16613, 6227, 2520]"
630,256-100s,itr6,Node5,"[11997, 4490, 16613, 6227, 2520]"
631,256-100s,itr7,Node5,"[10391, 8296, 5524, 14722]"
632,256-100s,itr7,Node4,"[10391, 8296, 5524, 14722]"
633,256-100s,itr7,Node 2,"[10391, 8296, 5524, 14722]"
634,256-100s,itr7,Node 3,"[10391, 8296, 5524, 14722]"
635,256-100s,itr7,Node 1,"[10391, 8296, 5524, 14722]"
636,256-100s,itr8,Node 2,"[9806, 11916, 13817, 7903]"
637,256-100s,itr8,Node5,"[10391, 8296, 5524, 14722]"
638,256-100s,itr8,Node 3,"[9806, 11916, 13817, 7903]"
639,256-100s,itr8,Node4,"[9806, 11916, 13817, 7903]"
640,256-100s,itr8,Node 1,"[9806, 11916, 13817, 7903]"
641,256-100s,itr9,Node 2,"[11731, 8119, 11569, 9535, 1475]"
642,256-100s,itr9,Node5,"[9806, 11916, 13817, 7903, 11731, 8119, 11569, 9535, 1475]"
643,256-100s,itr9,Node4,"[11731, 8119, 11569, 9535, 1475]"
644,256-100s,itr9,Node 3,"[11731, 8119, 11569, 9535, 1475]"
645,256-100s,itr9,Node 1,"[11731, 8119, 11569, 9535, 1475]"
646,256-100s,itr10,Node4,"[11151, 6208, 8710, 6070, 4780]"
647,256-100s,itr10,Node5,"[11151, 6208, 8710, 6070, 4780]"
648,256-100s,itr10,Node 2,"[11151, 6208, 8710, 6070, 4780]"
649,256-100s,itr10,Node 3,"[11151, 6208, 8710, 6070, 4780]"
650,256-100s,itr10,Node 1,"[11151, 6208, 8710, 6070, 4780]"
651,128-100s,itr1,Node4,"[8709, 6719, 5708, 9478, 10060]"
652,128-100s,itr1,Node 2,"[8709, 6719, 5708, 9478, 10060]"
653,128-100s,itr1,Node5,"[8709, 6719, 5708, 9478, 10060]"
654,128-100s,itr1,Node 3,"[8709, 6719, 5708, 9478, 10060]"
655,128-100s,itr1,Node 1,"[8709, 6719, 5708, 9478, 10060]"
656,128-100s,itr2,Node 3,"[7226, 15961, 8550, 7907, 14129]"
657,128-100s,itr2,Node4,"[7226, 15961, 8550, 7907, 14129]"
658,128-100s,itr2,Node 2,"[7226, 15961, 8550, 7907, 14129]"
659,128-100s,itr2,Node 1,"[7226, 15961, 8550, 7907, 14129]"
660,128-100s,itr2,Node5,"[7226, 15961, 8550, 7907, 14129]"
661,128-100s,itr3,Node4,"[13633, 19696, 12053, 9572, 9575, 1316, 4631]"
662,128-100s,itr3,Node5,"[12152, 12053, 9572, 9575, 1316, 4631]"
663,128-100s,itr3,Node 2,"[19696, 12152, 12053, 9572, 9575, 1316, 4631]"
664,128-100s,itr3,Node 3,"[16944, 12152, 12053, 9572, 9575, 1316, 4631]"
665,128-100s,itr3,Node 1,"[12152, 19696, 12053, 9572, 9575, 1316, 4631]"
666,128-100s,itr4,Node5,"[10272, 12299, 7357, 8175, 12052, 6953]"
667,128-100s,itr4,Node4,"[10272, 12299, 7357, 8175, 12052, 6953]"
668,128-100s,itr4,Node 2,"[10272, 12299, 7357, 8175, 12052, 6953]"
669,128-100s,itr4,Node 3,"[10272, 12299, 7357, 8175, 12052, 6953]"
670,128-100s,itr4,Node 1,"[10272, 12299, 7357, 8175, 12052, 6953]"
671,128-100s,itr5,Node5,"[12134, 11266, 11300, 8587, 5897, 4574]"
672,128-100s,itr5,Node4,"[12134, 11266, 11300, 8587, 5897, 4574]"
673,128-100s,itr5,Node 2,"[12134, 11266, 11300, 8587, 5897, 4574]"
674,128-100s,itr5,Node 3,"[12134, 11266, 11300, 8587, 5897, 4574]"
675,128-100s,itr5,Node 1,"[12134, 11266, 11300, 8587, 5897, 4574]"
676,128-100s,itr6,Node 3,"[9033, 5735, 15857, 7695, 4812]"
677,128-100s,itr6,Node5,"[9033, 5735, 15857, 7695, 4812]"
678,128-100s,itr6,Node 2,"[9033, 5735, 15857, 7695, 4812]"
679,128-100s,itr6,Node 1,"[9033, 5735, 15857, 7695, 4812]"
680,128-100s,itr6,Node4,"[9033, 5735, 15857, 7695, 4812]"
681,128-100s,itr7,Node5,"[10548, 9382, 7795, 7829, 4373]"
682,128-100s,itr7,Node4,"[10548, 9382, 7795, 7829, 4373]"
683,128-100s,itr7,Node 2,"[10548, 9382, 7795, 7829, 4373]"
684,128-100s,itr7,Node 3,"[10548, 9382, 7795, 7829, 4373]"
685,128-100s,itr7,Node 1,"[10548, 9382, 7795, 7829, 4373]"
686,128-100s,itr8,Node4,"[11018, 13049, 8591, 11692, 4215]"
687,128-100s,itr8,Node5,"[11018, 13049, 8591, 11692, 4215]"
688,128-100s,itr8,Node 1,"[11018, 13049, 8591, 11692, 4215]"
689,128-100s,itr8,Node 2,"[11018, 13049, 8591, 11692, 4215]"
690,128-100s,itr8,Node 3,"[11018, 13049, 8591, 11692, 4215]"
691,128-100s,itr9,Node 1,"[10441, 7155, 17634, 7714, 14819, 2617]"
692,128-100s,itr9,Node 2,"[10441, 17634, 7155, 7714, 14819, 2617]"
693,128-100s,itr9,Node 3,"[10441, 7155, 7714, 14819, 2617]"
694,128-100s,itr9,Node5,"[10441, 7155, 7714, 14819, 2617]"
695,128-100s,itr9,Node4,"[10441, 7155, 7714, 14819, 2617]"
696,128-100s,itr10,Node4,"[11372, 11305, 9790, 1744]"
697,128-100s,itr10,Node 2,"[11372, 11305, 9790, 9599, 1744]"
698,128-100s,itr10,Node5,"[11372, 11305, 9790, 9599, 1744]"
699,128-100s,itr10,Node 3,"[11372, 11305, 9790, 9599, 1744]"
700,128-100s,itr10,Node 1,"[11372, 11305, 9790, 9599, 1744]"
701,64-100s,itr1,Node 1,"[7268, 7649, 7149, 8398, 9437, 5762]"
702,64-100s,itr1,Node 2,"[7268, 7649, 7149, 8398, 9437, 5762]"
703,64-100s,itr1,Node 3,"[7268, 7649, 7149, 8398, 9437, 5762]"
704,64-100s,itr1,Node4,"[7268, 7649, 7149, 8398, 9437, 5762]"
705,64-100s,itr1,Node5,"[7268, 7649, 7149, 8398, 9437, 5762]"
706,64-100s,itr10,Node 1,"[7465, 6156, 7583, 7491, 6241, 3941]"
707,64-100s,itr10,Node 2,"[7465, 6156, 7583, 7491, 6241, 3941]"
708,64-100s,itr10,Node 3,"[7465, 6156, 7583, 7491, 6241, 3941]"
709,64-100s,itr10,Node4,"[7465, 6156, 7583, 7491, 6241, 3941]"
710,64-100s,itr10,Node5,"[7465, 6156, 7583, 7491, 6241, 3941]"
711,64-100s,itr2,Node 1,"[7688, 11317, 6271, 6282, 11452, 6271, 6271, 187]"
712,64-100s,itr2,Node 2,"[11317, 7688, 6271, 11452, 6282, 6271, 187]"
713,64-100s,itr2,Node 3,"[11317, 6271, 11452, 6271, 6271, 187]"
714,64-100s,itr2,Node4,"[6702, 11317, 6271, 11452, 6271, 6271, 187]"
715,64-100s,itr2,Node5,"[7373, 11317, 6271, 11452, 6271, 6271, 187]"
716,64-100s,itr3,Node 1,"[6271, 6271, 2513, 5691, 5904]"
717,64-100s,itr3,Node 2,"[11001, 6271, 13641, 5691, 5904]"
718,64-100s,itr3,Node 3,"[11001, 6271, 13641, 5691, 2513, 5904]"
719,64-100s,itr3,Node4,"[11001, 6271, 6271, 13641, 5691, 5904]"
720,64-100s,itr3,Node5,"[11001, 6271, 6271, 13641, 5691, 5904]"
721,64-100s,itr4,Node 1,"[7754, 10738, 6271, 6271, 11007, 187, 6271, 1496]"
722,64-100s,itr4,Node 2,"[7754, 10738, 6271, 11007, 187, 6271]"
723,64-100s,itr4,Node 3,"[7754, 10738, 6271, 6271, 187, 6271, 1496]"
724,64-100s,itr4,Node4,"[7754, 10738, 6271, 6271, 187, 1496]"
725,64-100s,itr4,Node5,"[7754, 10738, 6271, 6271, 11007, 187, 6271, 1496]"
726,64-100s,itr5,Node 1,"[7425, 6611, 7087, 8477, 7547, 12894, 6920, 1814]"
727,64-100s,itr5,Node 2,"[7425, 6611, 16867, 7087, 8477, 12894, 7547, 6920, 1814]"
728,64-100s,itr5,Node 3,"[7425, 6611, 7087, 16867, 8477, 7547, 6920, 1814]"
729,64-100s,itr5,Node4,"[7425, 6611, 7741, 7087, 8477, 12894, 12894, 6920, 1814]"
730,64-100s,itr5,Node5,"[6611, 7087, 8477, 7547, 6920, 1814]"
731,64-100s,itr6,Node 1,"[7596, 7794, 7333, 8030, 9871, 6792]"
732,64-100s,itr6,Node 2,"[7596, 7794, 7333, 8030, 9871, 6792]"
733,64-100s,itr6,Node 3,"[7596, 7794, 7333, 8030, 9871, 6792]"
734,64-100s,itr6,Node4,"[7596, 7794, 7333, 8030, 9871, 6792]"
735,64-100s,itr6,Node5,"[7596, 7794, 7333, 8030, 9871, 6792]"
736,64-100s,itr7,Node 1,"[7886, 8740, 7031, 7978, 9739, 7926]"
737,64-100s,itr7,Node 2,"[7886, 8740, 7031, 7978, 9739, 7926]"
738,64-100s,itr7,Node 3,"[7886, 8740, 7031, 7978, 9739, 7926]"
739,64-100s,itr7,Node4,"[7886, 8740, 7031, 7978, 9739, 7926]"
740,64-100s,itr7,Node5,"[7886, 8740, 7031, 7978, 9739, 7926]"
741,64-100s,itr8,Node 1,"[9016, 6271, 7852, 2794, 11493]"
742,64-100s,itr8,Node 2,"[9016, 6271, 7852, 14274, 4277, 2794, 11493]"
743,64-100s,itr8,Node 3,"[9016, 6271, 7852, 4277, 14274, 2794, 11493]"
744,64-100s,itr8,Node4,"[9016, 6271, 7852, 7701, 4277, 2794, 11493]"
745,64-100s,itr8,Node5,"[9016, 6271, 7852, 4277, 2794, 11493]"
746,64-100s,itr9,Node 1,"[8425, 5850, 8517, 13394, 7333, 5715, 1005]"
747,64-100s,itr9,Node 2,"[8425, 5850, 13394, 8517, 7333, 5715, 1005]"
748,64-100s,itr9,Node 3,"[8425, 5850, 8517, 7333, 5715, 1005]"
749,64-100s,itr9,Node4,"[8425, 5850, 6900, 8517, 7333, 5715, 1005]"
750,64-100s,itr9,Node5,"[8425, 5850, 8398, 13394, 7333, 5715, 1005]"
751,32-100s,itr1,Node5,"[2609, 3718, 3521, 4270, 5651, 3136, 3136, 3136, 3136, 3136, 1756]"
752,32-100s,itr1,Node4,"[2609, 3390, 4152, 5375, 5651, 4355, 3136, 3136, 3136, 3136, 3136, 3136, 3136, 1756]"
753,32-100s,itr1,Node 2,"[2609, 6426, 4336, 5375, 5651, 4355, 3136, 3136, 3136, 3136, 3136, 3136, 3136, 1756]"
754,32-100s,itr1,Node 3,[]
755,32-100s,itr1,Node 1,"[2609, 3692, 4152, 5651, 3136, 3136, 3136, 3136, 3136, 3136, 3136, 1756]"
756,32-100s,itr2,Node5,"[2619, 5624, 5322, 5585, 4047, 4139, 3398, 3136, 3136, 3136, 3136, 3136, 3136, 3136, 340]"
757,32-100s,itr2,Node4,"[2619, 5624, 5322, 5585, 4047, 4139, 3398, 3136, 3136, 3136, 3136, 3136, 3136, 3136, 340]"
758,32-100s,itr2,Node 2,"[2619, 5624, 5322, 5585, 4047, 4139, 3398, 3136, 3136, 3136, 3136, 3136, 3136, 3136, 340]"
759,32-100s,itr2,Node 1,"[2619, 5624, 5322, 5585, 4047, 4139, 3398, 3136, 3136, 3136, 3136, 3136, 3136, 3136, 340]"
760,32-100s,itr2,Node 3,"[2619, 5624, 5322, 5585, 4047, 4139, 3398, 3136, 3136, 3136, 3136, 3136, 3136, 3136, 340]"
761,32-100s,itr3,Node5,"[3574, 3547, 7715, 3136, 6356, 3136, 3136, 3136, 3136, 3136, 3136, 3136, 3136, 3136, 3136, 688]"
762,32-100s,itr3,Node4,"[2619, 5624, 5322, 5585, 4047, 4139, 3398, 3136, 3136, 3136, 3136, 3136, 3136, 3136, 340]"
763,32-100s,itr3,Node 2,"[3639, 7715, 3136, 6356, 3136, 3136, 3136, 3136, 3136, 3136, 3136, 3136, 3136, 688]"
764,32-100s,itr3,Node 3,"[3521, 3639, 7715, 3136, 6356, 3136, 3136, 3136, 3136, 3136, 3136, 3136, 3136, 3136, 3136, 3136, 688]"
765,32-100s,itr3,Node 1,"[3547, 3639, 7715, 3136, 6356, 3136, 3136, 3136, 3136, 3136, 3136, 3136, 3136, 3136, 688]"
766,32-100s,itr4,Node4,"[3639, 3521, 7715, 3136, 6356, 3136, 3136, 3136, 3136, 3136, 3136, 3136, 3136, 3136, 3136, 3136, 688, 5138, 3140, 7386, 3136, 6545, 3136, 6610, 3136, 3933, 3136, 3136, 3136, 3136, 3136, 3136, 3136, 1820, 1820]"
767,32-100s,itr4,Node5,"[5138, 3140, 3136, 3136, 6545, 3136, 6610, 3136, 3933, 3136, 3136, 3136, 3136, 3136, 3136, 3136, 3136, 1820]"
768,32-100s,itr4,Node 2,"[5138, 3140, 7386, 3136, 6545, 3136, 6610, 3136, 3933, 3136, 3136, 3136, 3136, 3136, 3136, 3136, 1820]"
769,32-100s,itr4,Node 3,"[5138, 3140, 3136, 3136, 6545, 3136, 6610, 3136, 3933, 3136, 3136, 3136, 3136, 3136, 3136, 3136, 3136, 3136, 1820]"
770,32-100s,itr4,Node 1,"[5138, 3140, 7386, 3140, 3136, 6545, 3136, 6610, 3136, 3933, 3136, 3136, 3136, 3136, 3136, 3136, 3136, 3136, 1820, 1820]"
771,32-100s,itr5,Node4,"[3902, 5230, 3140, 5546, 3140, 5072, 3136, 3452, 3136, 1469]"
772,32-100s,itr5,Node5,"[3902, 5230, 3140, 5546, 3140, 5072, 3136, 3452, 3136, 1469]"
773,32-100s,itr5,Node 2,"[3902, 5230, 3140, 5546, 3140, 5072, 3136, 3452, 3136, 1469]"
774,32-100s,itr5,Node 3,"[3902, 5230, 3140, 5546, 3140, 3136, 3452, 3136, 1469]"
775,32-100s,itr5,Node 1,"[3902, 5230, 3140, 5546, 3140, 5072, 3136, 3452, 3136, 1469]"
776,32-100s,itr6,Node4,"[3613, 5204, 3140, 4652, 3140, 3140, 4884, 3136, 3136, 3136, 3136, 3136, 1361]"
777,32-100s,itr6,Node5,"[3613, 3140, 3140, 4652, 3136, 3140, 3140, 4884, 3136, 3136, 3136, 3136, 1361]"
778,32-100s,itr6,Node 1,"[3613, 5204, 3140, 4652, 3140, 3140, 4884, 3136, 3136, 3136, 3136, 3136, 1361]"
779,32-100s,itr6,Node 2,"[3613, 5204, 3140, 4652, 3136, 4884, 3140, 4880, 3136, 3136, 3136, 3136, 1361]"
780,32-100s,itr6,Node 3,"[3613, 3140, 3140, 4652, 3140, 3140, 4884, 3136, 3136, 3136, 3136, 3136, 1361]"
781,32-100s,itr7,Node4,"[4730, 3337, 5388, 3140, 3666, 3140, 4825, 3136, 3136, 582]"
782,32-100s,itr7,Node5,"[4730, 3337, 5388, 3140, 3666, 3140, 4825, 3136, 3136, 582]"
783,32-100s,itr7,Node 2,"[4730, 3337, 5388, 3140, 3666, 3140, 4825, 3136, 3136, 582]"
784,32-100s,itr7,Node 3,"[4730, 3337, 5388, 3140, 3666, 3140, 4825, 3136, 3136, 582]"
785,32-100s,itr7,Node 1,"[4730, 3337, 5388, 3140, 3666, 3140, 4825, 3136, 3136, 582]"
786,32-100s,itr8,Node 2,"[4612, 3298, 5716, 3140, 4138, 3136, 3136, 3136, 2152]"
787,32-100s,itr8,Node 1,"[4612, 3298, 5716, 3140, 4138, 3136, 3136, 3136, 2152]"
788,32-100s,itr8,Node 3,"[4612, 3298, 5716, 3140, 4138, 3136, 3136, 3136, 2152]"
789,32-100s,itr8,Node4,"[4612, 3298, 5716, 3140, 3140, 4138, 3136, 3136, 3136, 2152]"
790,32-100s,itr8,Node5,"[4612, 3298, 3140, 3140, 4138, 3136, 3136, 3136, 2152]"
791,32-100s,itr9,Node4,"[3482, 3140, 6177, 3140, 3136, 3136, 3821, 3136, 3136, 3136, 2985]"
792,32-100s,itr9,Node 2,"[3482, 6177, 4099, 3140, 6111, 3140, 3136, 3821, 3136, 3136, 3136, 2985]"
793,32-100s,itr9,Node5,"[3482, 3140, 3140, 6111, 3136, 3136, 3821, 3136, 3136, 3136, 2985]"
794,32-100s,itr9,Node 3,"[3482, 3652, 6177, 3140, 3140, 6111, 3136, 3821, 3136, 3136, 3136, 2985]"
795,32-100s,itr9,Node 1,"[3482, 4099, 6177, 3140, 3140, 6111, 3136, 3821, 3136, 3136, 3136, 2985]"
796,32-100s,itr10,Node 2,"[3574, 4849, 3140, 5270, 3140, 3140, 8164, 5269, 3153, 6015, 3245, 3136, 3136, 3136, 1146]"
797,32-100s,itr10,Node 3,"[3574, 3140, 3140, 3140, 3140, 5269, 3153, 3136, 3136, 3136, 1146]"
798,32-100s,itr10,Node 1,"[3574, 4849, 3140, 3140, 3140, 3140, 3140, 5269, 3153, 6015, 3136, 3136, 3136, 1146]"
799,32-100s,itr10,Node5,"[3574, 4849, 3140, 5270, 3140, 5269, 8164, 3153, 6015, 6015, 3136, 3136, 3136, 1146]"
800,32-100s,itr10,Node4,"[3574, 3140, 3140, 3140, 3140, 3140, 5269, 3153, 3245, 6015, 3136, 3136, 3136, 1146]"
801,16- 100s,itr1,Node4,"[1878, 1838, 1720, 1878, 2049, 1628, 1865, 1996, 1970, 1917, 1878, 1575, 1575, 1681, 2377, 1575, 1575, 1575, 1575, 2417, 3510]"
802,16- 100s,itr1,Node 3,"[1930, 1838, 1720, 1878, 2049, 1628, 1865, 1996, 1970, 1917, 1878, 1575, 1575, 1681, 2377, 1575, 1575, 1575, 1575, 2417, 3510]"
803,16- 100s,itr1,Node 2,"[2548, 1838, 1720, 1878, 2049, 1628, 1865, 1996, 1970, 1917, 1878, 6586, 1575, 1681, 2377, 1575, 1575, 1575, 1575, 2417, 3510]"
804,16- 100s,itr1,Node5,"[1996, 1838, 1720, 1878, 2049, 1628, 1865, 1996, 1970, 1917, 1878, 1575, 1575, 1681, 2377, 1575, 1575, 1575, 1575, 2417, 3510]"
805,16- 100s,itr1,Node 1,"[1957, 1838, 1720, 1878, 2049, 1878, 1996, 1970, 1917, 1878, 2141, 2114, 2154, 1681, 2377, 1575, 1575, 1575, 1575, 2417, 3510]"
806,16- 100s,itr2,Node4,"[1694, 1865, 1957, 2036, 2049, 2035, 1799, 1786, 1825, 1575, 1575, 1838, 1575, 1575, 2745, 1575, 2009, 1575, 2561, 1746, 2758, 2272, 2233, 2312, 3245, 1006]"
807,16- 100s,itr2,Node 2,"[1694, 1865, 1957, 2036, 2049, 2035, 5624, 1575, 1575, 1575, 1575, 1746, 2758, 2272, 2233, 2312, 3245, 1006]"
808,16- 100s,itr2,Node5,"[1694, 1865, 1957, 2036, 2049, 2035, 1799, 1786, 1825, 1575, 1575, 1838, 1575, 1575, 2745, 1575, 2009, 1575, 2561, 1746, 2758, 2272, 2233, 2312, 3245, 1006]"
809,16- 100s,itr2,Node 3,"[1694, 1865, 1957, 2036, 2049, 2035, 1799, 1786, 1825, 1575, 1575, 1838, 1575, 2745, 1575, 2009, 1575, 2561, 1746, 2758, 2272, 2233, 2312, 3245, 1006]"
810,16- 100s,itr2,Node 1,"[1694, 1865, 1957, 2036, 2049, 2035, 1799, 1786, 1825, 1575, 1838, 1575, 2745, 2009, 1575, 2561, 1746, 2758, 2272, 2233, 2312, 3245, 1006]"
811,16- 100s,itr3,Node 2,"[1707, 2167, 1602, 5730, 1904, 1575, 7715, 5388, 1575, 5177, 1575, 1575, 5164, 1575, 1568, 1568, 1568, 1568, 1568, 1568, 1568, 1568, 1568, 1568, 1568, 1568, 1568, 1568, 1568, 1008]"
812,16- 100s,itr3,Node 3,"[1707, 1602, 1575, 1904, 1575, 1575, 5388, 1575, 1575, 1575, 1575, 5164, 1575, 1568, 1568, 1568, 1568, 1568, 1568, 1568, 1568, 1568, 1568, 1568, 1568, 1568, 1568, 1008]"
813,16- 100s,itr3,Node4,"[1707, 1575, 1602, 1904, 1575, 1575, 5388, 1575, 1575, 5164, 1575, 1575, 1568, 1568, 1568, 1568, 1568, 1568, 1568, 1568, 1568, 1568, 1568, 1568, 1568, 1568, 1568, 1008]"
814,16- 100s,itr3,Node 1,"[1707, 2167, 1602, 1904, 1575, 5388, 1575, 1575, 5177, 1575, 5164, 6770, 1575, 3168, 1575, 1568, 1568, 1568, 1568, 1568, 1568, 1568, 1568, 1568, 1568, 1568, 1568, 1568, 1568, 1008]"
815,16- 100s,itr3,Node5,"[1707, 2167, 1602, 1904, 5730, 1575, 5388, 7715, 1575, 3889, 1575, 1575, 1575, 3168, 1568, 1568, 1568, 1568, 1568, 1568, 1568, 1568, 1568, 1568, 1568, 1568, 1568, 1568, 1008]"
816,16- 100s,itr4,Node5,"[1917, 3810, 1575, 4704, 1575, 2482, 1575, 2476, 3219, 1575, 3212, 1575, 3206, 5283, 1575, 1575, 1575, 3776, 1568, 1568, 1568, 1568, 1568, 1568, 1568, 1568, 1568, 1568, 1568, 1568, 1568, 1568, 563]"
817,16- 100s,itr4,Node4,"[1602, 3810, 1575, 1575, 4139, 2482, 3219, 2476, 1575, 3219, 1575, 5283, 1575, 1575, 1575, 1575, 3776, 1568, 1568, 1568, 1568, 1568, 1568, 1568, 1568, 1568, 1568, 1568, 1568, 1568, 1568, 563]"
818,16- 100s,itr4,Node 2,"[1917, 3810, 1602, 4704, 1575, 4139, 1575, 5427, 1575, 2476, 5283, 1575, 1575, 7360, 3206, 1575, 1575, 3776, 1575, 1568, 1568, 1568, 1568, 1568, 1568, 1568, 1568, 1568, 1568, 1568, 1568, 1568, 1568, 563]"
819,16- 100s,itr4,Node 3,"[1917, 3810, 1575, 1575, 1575, 1575, 2482, 2476, 1575, 5283, 1575, 5283, 3206, 1575, 1575, 1575, 1568, 1568, 1568, 1568, 1568, 1568, 1568, 1568, 1568, 1568, 1568, 1568, 1568, 1568, 1568, 563]"
820,16- 100s,itr4,Node 1,"[1917, 3810, 1575, 1575, 2482, 2476, 1575, 1575, 3219, 5283, 1575, 1575, 1575, 1575, 3776, 1568, 1568, 1568, 1568, 1568, 1568, 1568, 1568, 1568, 1568, 1568, 1568, 1568, 563]"
821,16- 100s,itr4,Node 1,[]
822,16- 100s,itr4,Node 1,[]
823,16- 100s,itr5,Node4,"[1746, 1575, 1575, 3745, 1568, 1575, 3731, 1568, 1575, 1575, 4231, 1568, 1575, 1977, 1568, 1568, 1568, 1568, 1568, 1568, 1568, 1568, 1568, 753]"
824,16- 100s,itr5,Node 2,"[1746, 3639, 1575, 3745, 1575, 1568, 3731, 1575, 1568, 2075, 1575, 4231, 1575, 1568, 1977, 1575, 1568, 1568, 1568, 1568, 1568, 1568, 1568, 1568, 1568, 1568, 753]"
825,16- 100s,itr5,Node5,"[1746, 1575, 1575, 3745, 1568, 3731, 1568, 1575, 1575, 4231, 1575, 1568, 1977, 1568, 1568, 1568, 1568, 1568, 1568, 1568, 1568, 1568, 1568, 753]"
826,16- 100s,itr5,Node 3,"[1746, 1575, 1575, 3745, 1568, 1575, 1568, 1575, 1575, 4231, 1568, 1575, 1977, 1568, 1568, 1568, 1568, 1568, 1568, 1568, 1568, 1568, 1568, 753]"
827,16- 100s,itr5,Node 1,"[1746, 3639, 1575, 1575, 3745, 1568, 1568, 1575, 1575, 1575, 1575, 4231, 1568, 1575, 1977, 1568, 1568, 1568, 1568, 1568, 1568, 1568, 1568, 1568, 1568, 753]"
828,16- 100s,itr6,Node5,"[2180, 1654, 2851, 1575, 1575, 1575, 1575, 3902, 1575, 1575, 1575, 2659, 1568, 1568, 1568, 1568, 1498]"
829,16- 100s,itr6,Node4,"[2180, 1654, 2851, 1575, 1575, 1575, 3902, 1575, 3192, 1575, 2659, 1568, 1568, 1568, 1568, 1498]"
830,16- 100s,itr6,Node 1,"[2180, 1654, 2851, 1575, 1575, 1575, 3902, 1575, 1575, 1575, 2659, 1568, 1568, 1568, 1568, 1498]"
831,16- 100s,itr6,Node 2,"[2180, 1654, 2851, 1575, 1575, 1575, 3902, 1957, 1575, 3192, 1575, 2659, 1568, 1568, 1568, 1568, 1498]"
832,16- 100s,itr6,Node 3,"[2180, 1654, 2851, 1575, 1575, 1575, 1957, 3902, 1575, 1575, 1575, 2659, 1568, 1568, 1568, 1568, 1498]"
833,16- 100s,itr7,Node5,"[2548, 1602, 1602, 2114, 1575, 2141, 1654, 2101, 1575, 2614, 1575, 1746, 3074, 1575, 1575, 2322, 2309, 1568, 600]"
834,16- 100s,itr7,Node4,"[2548, 1759, 1602, 2114, 1575, 1654, 1575, 2785, 2614, 1575, 1746, 3074, 7386, 1575, 5874, 1575, 1575, 2309, 1568, 600]"
835,16- 100s,itr7,Node 2,"[2548, 1759, 1602, 2114, 3482, 1575, 1654, 1575, 2614, 1575, 7386, 3074, 1575, 2322, 1575, 1575, 2309, 1568, 600]"
836,16- 100s,itr7,Node 3,"[2548, 1602, 1602, 2114, 2141, 1575, 1654, 1575, 2101, 2614, 1575, 1746, 3074, 1575, 5874, 1575, 1575, 2309, 1568, 600]"
837,16- 100s,itr7,Node 1,"[2548, 1759, 1602, 2114, 2141, 1654, 1575, 1575, 2614, 2785, 1575, 1746, 3074, 1575, 5874, 1575, 1575, 2309, 1568, 600]"
838,16- 100s,itr8,Node5,"[2009, 1825, 2719, 1575, 1575, 3705, 1575, 3692, 6584, 1575, 4454, 6361, 1575, 3469, 2568, 1568, 1568, 1568, 1568, 1568, 1568, 1568, 1125]"
839,16- 100s,itr8,Node4,"[2009, 2719, 1575, 1575, 1575, 3692, 1575, 4454, 1575, 3469, 1575, 2568, 1568, 1568, 1568, 1568, 1568, 1568, 1568, 1568, 1568, 1125]"
840,16- 100s,itr8,Node 1,"[2009, 2719, 1575, 1575, 1575, 1575, 1641, 6584, 1575, 4454, 1575, 1575, 2568, 1568, 1568, 1568, 1568, 1568, 1568, 1568, 1568, 1568, 1125]"
841,16- 100s,itr8,Node 2,"[2719, 1825, 1575, 3705, 1575, 1575, 6584, 3692, 1575, 6361, 4454, 1575, 2568, 1575, 1568, 1568, 1568, 1568, 1568, 1568, 1568, 1568, 1125]"
842,16- 100s,itr8,Node 3,"[2009, 2719, 1575, 1720, 3705, 1575, 1575, 4454, 1575, 3469, 2568, 1568, 1568, 1568, 1568, 1568, 1568, 1568, 1568, 1125]"
843,16- 100s,itr9,Node5,"[2456, 1575, 2930, 1568, 2864, 1575, 1575, 2433, 1568, 1568, 1568, 1568, 1568, 1568, 1568, 1568, 458]"
844,16- 100s,itr9,Node4,"[2456, 1575, 2930, 1568, 2864, 1575, 1575, 2433, 1568, 1568, 1568, 1568, 1568, 1568, 1568, 1568, 458]"
845,16- 100s,itr9,Node 2,"[2456, 1575, 2930, 2864, 1575, 2433, 1575, 1568, 1568, 1568, 1568, 1568, 1568, 458]"
846,16- 100s,itr9,Node 3,"[2456, 1575, 2930, 1568, 2864, 1575, 1575, 2433, 1568, 1568, 1568, 1568, 1568, 1568, 1568, 458]"
847,16- 100s,itr9,Node 1,"[2456, 1575, 2930, 1568, 1575, 1575, 2433, 1568, 1568, 1568, 1568, 1568, 1568, 1568, 458]"
848,16- 100s,itr10,Node 2,"[1851, 2312, 1575, 2706, 1575, 1575, 2693, 1575, 1575, 5282, 2312, 1575, 4533, 1568, 1568, 1568, 1568, 1568, 1375]"
849,16- 100s,itr10,Node5,"[1851, 1575, 2706, 1575, 1575, 1575, 2312, 5282, 1575, 4533, 1568, 1568, 1568, 1568, 1375]"
850,16- 100s,itr10,Node4,"[1851, 2312, 1575, 1575, 1575, 1575, 1575, 1575, 1575, 1891, 1575, 5282, 1575, 4533, 1568, 1568, 1568, 1568, 1568, 1375]"
851,16- 100s,itr10,Node 3,"[1851, 2312, 1575, 1575, 1575, 1575, 1575, 1575, 1575, 1575, 1891, 2312, 1694, 1575, 4533, 1568, 1568, 1568, 1568, 1568, 1375]"
852,16- 100s,itr10,Node 1,"[1851, 2312, 1575, 1575, 1575, 1575, 1575, 1575, 2312, 1575, 1694, 4533, 1568, 1568, 1568, 1568, 1568, 1375]"
853,8-100s,itr1,Node 2,"[793, 846, 1845, 912, 1319, 793, 1595, 1135, 964, 964, 793, 793, 793, 793, 793, 793, 1687, 793, 7734, 793, 793, 784, 793, 784, 793, 784, 793, 793, 793, 793, 793, 793, 793, 793, 793, 793, 793, 793, 4198, 5398, 784, 784, 784, 679, 106, 784, 784, 784, 784, 231]"
854,8-100s,itr1,Node4,"[793, 872, 912, 833, 793, 793, 1595, 1135, 938, 793, 793, 793, 793, 793, 793, 793, 1687, 793, 793, 793, 793, 793, 793, 793, 793, 793, 793, 793, 5398, 784, 784, 784, 679, 106, 784, 784, 784, 784, 231]"
855,8-100s,itr1,Node5,"[793, 846, 859, 912, 833, 1069, 1148, 1372, 1135, 938, 793, 793, 793, 793, 793, 793, 793, 793, 793, 793, 793, 793, 793, 793, 793, 7734, 784, 784, 793, 784, 793, 784, 793, 793, 793, 793, 793, 793, 793, 793, 793, 793, 4198, 5398, 784, 784, 784, 679, 106, 784, 784, 784, 784, 231]"
856,8-100s,itr1,Node 3,"[793, 872, 912, 1319, 1069, 793, 820, 925, 912, 925, 964, 793, 793, 793, 793, 793, 793, 793, 793, 793, 793, 793, 793, 793, 7734, 793, 784, 793, 784, 793, 784, 793, 793, 793, 793, 793, 793, 793, 793, 793, 793, 793, 793, 4198, 5398, 784, 784, 784, 679, 106, 784, 784, 784, 784, 231]"
857,8-100s,itr1,Node 1,"[793, 898, 925, 833, 793, 1148, 1595, 1372, 1135, 938, 793, 793, 793, 793, 793, 793, 793, 793, 793, 793, 793, 793, 1687, 793, 7734, 793, 784, 784, 793, 793, 784, 793, 793, 793, 793, 793, 793, 793, 793, 793, 793, 793, 4198, 5398, 784, 784, 784, 679, 106, 784, 784, 784, 784, 231]"
858,8-100s,itr2,Node 2,"[793, 1069, 1661, 912, 793, 2068, 793, 793, 1543, 793, 793, 1595, 793, 793, 2174, 793, 793, 1911, 2318, 793, 793, 2857, 2870, 806, 1134, 784, 784, 784, 784, 784, 784, 784, 784, 784, 784, 784, 784, 784, 784, 784, 784, 784, 784, 784, 784, 784, 784, 784, 341]"
859,8-100s,itr2,Node 3,"[793, 1069, 1661, 793, 793, 793, 793, 793, 1543, 793, 793, 1595, 793, 793, 793, 1911, 793, 793, 793, 793, 793, 806, 1134, 784, 784, 784, 784, 784, 784, 784, 784, 784, 784, 784, 784, 784, 784, 784, 784, 784, 784, 784, 784, 784, 784, 784, 784, 784, 784, 341]"
860,8-100s,itr2,Node 1,"[793, 1069, 912, 1661, 793, 793, 793, 793, 1543, 793, 793, 793, 2174, 793, 784, 793, 2318, 793, 793, 793, 806, 1134, 784, 784, 784, 784, 784, 784, 784, 784, 784, 784, 784, 784, 784, 784, 784, 784, 784, 784, 784, 784, 784, 784, 784, 784, 784, 341]"
861,8-100s,itr2,Node4,"[1069, 1188, 1661, 793, 2068, 793, 1543, 793, 1595, 793, 2174, 793, 793, 793, 2318, 793, 793, 2857, 793, 806, 1134, 784, 784, 784, 784, 784, 784, 784, 784, 784, 784, 784, 784, 784, 784, 784, 784, 784, 784, 784, 784, 784, 784, 784, 784, 784, 784, 784, 341]"
862,8-100s,itr2,Node5,"[793, 1188, 1069, 1661, 793, 793, 793, 793, 1543, 793, 1595, 793, 793, 2174, 793, 1911, 793, 2318, 793, 793, 793, 806, 1134, 784, 784, 784, 784, 784, 784, 784, 784, 784, 784, 784, 784, 784, 784, 784, 784, 784, 784, 784, 784, 784, 784, 784, 784, 784, 784, 784, 341]"
863,8-100s,itr3,Node4,"[793, 793, 793, 1792, 793, 793, 793, 2371, 793, 2384, 1437, 793, 1556, 793, 1806, 793, 1700, 793, 1516, 793, 1779, 793, 1884, 793, 1621, 784, 784, 784, 784, 784, 784, 784, 784, 784, 784, 784, 784, 784, 784, 784, 784, 784, 784, 784, 784, 261]"
864,8-100s,itr3,Node5,"[793, 1148, 793, 793, 1792, 793, 793, 1437, 793, 1424, 2371, 793, 2384, 1437, 793, 1556, 793, 1806, 793, 1700, 793, 1516, 793, 1779, 793, 1884, 793, 1621, 784, 784, 784, 784, 784, 784, 784, 784, 784, 784, 784, 784, 784, 784, 784, 784, 784, 784, 784, 261]"
865,8-100s,itr3,Node 2,"[793, 1148, 793, 793, 1792, 793, 793, 1437, 793, 793, 2371, 1424, 2384, 793, 1437, 1556, 1806, 793, 1700, 793, 1516, 793, 1779, 793, 1884, 793, 1621, 784, 784, 784, 784, 784, 784, 784, 784, 784, 784, 784, 784, 784, 784, 784, 784, 784, 261]"
866,8-100s,itr3,Node 1,"[793, 1148, 793, 1792, 793, 793, 793, 2371, 793, 793, 1437, 793, 1556, 793, 1806, 793, 1700, 793, 1516, 793, 1779, 793, 1884, 793, 1621, 784, 784, 784, 784, 784, 784, 784, 784, 784, 784, 784, 784, 784, 784, 784, 784, 784, 261]"
867,8-100s,itr3,Node 3,"[793, 1148, 793, 793, 1792, 793, 793, 793, 793, 2371, 793, 2384, 1437, 793, 1556, 793, 793, 793, 1516, 793, 1779, 793, 1884, 793, 1621, 784, 784, 784, 784, 784, 784, 784, 784, 784, 784, 784, 784, 784, 784, 784, 784, 784, 784, 784, 784, 784, 261]"
868,8-100s,itr4,Node4,"[7261, 793, 793, 806, 833, 885, 885, 793, 793, 793, 793, 793, 793, 793, 793, 793, 1004, 793, 872, 951, 793, 793, 793, 1661, 793, 793, 793, 784, 784, 784, 784, 784, 784, 784, 784, 784, 784, 784, 784, 784, 784, 784, 784, 784, 784, 784, 784, 784, 784, 784, 784, 784, 784, 784, 622]"
869,8-100s,itr4,Node5,"[7261, 793, 793, 806, 833, 885, 885, 793, 793, 793, 793, 793, 793, 793, 938, 793, 1004, 872, 793, 951, 833, 793, 793, 1661, 793, 793, 784, 784, 784, 784, 784, 784, 784, 784, 784, 784, 784, 784, 784, 784, 784, 784, 784, 784, 784, 784, 784, 784, 784, 784, 784, 784, 784, 784, 622]"
870,8-100s,itr4,Node 3,"[7261, 793, 806, 793, 833, 885, 885, 793, 793, 793, 793, 793, 793, 793, 793, 793, 1004, 793, 793, 951, 5329, 793, 1661, 793, 793, 793, 1526, 784, 784, 784, 784, 784, 784, 784, 784, 784, 784, 784, 784, 784, 784, 784, 784, 784, 784, 784, 784, 784, 784, 784, 784, 784, 622]"
871,8-100s,itr4,Node 2,"[7261, 793, 1240, 833, 885, 793, 793, 793, 793, 793, 951, 5329, 833, 793, 1661, 793, 793, 793, 793, 1526, 793, 784, 784, 784, 784, 784, 784, 784, 784, 784, 784, 784, 784, 784, 784, 784, 784, 784, 784, 784, 784, 784, 784, 784, 784, 784, 784, 622]"
872,8-100s,itr4,Node 1,"[7261, 793, 806, 833, 885, 793, 793, 793, 793, 793, 793, 1004, 951, 793, 793, 1661, 793, 793, 793, 784, 784, 784, 784, 784, 784, 784, 784, 784, 784, 784, 784, 784, 784, 784, 784, 784, 784, 784, 784, 784, 784, 784, 784, 784, 784, 784, 784, 622]"
873,8-100s,itr5,Node5,"[793, 793, 793, 793, 793, 793, 793, 793, 872, 859, 793, 1017, 793, 3133, 793, 793, 793, 793, 2371, 793, 793, 1569, 793, 793, 1542, 793, 793, 793, 793, 793, 1635, 793, 1621, 793, 793, 793, 793, 2318, 2305, 793, 793, 1385, 793, 793, 793, 1063, 784, 784, 784, 784, 286]"
874,8-100s,itr5,Node4,"[793, 793, 793, 793, 793, 793, 793, 793, 872, 793, 859, 1017, 793, 3133, 793, 793, 793, 793, 2371, 793, 793, 1569, 793, 793, 1542, 793, 793, 793, 793, 793, 793, 793, 793, 793, 793, 793, 793, 2318, 793, 2305, 793, 793, 793, 1385, 793, 793, 793, 1063, 784, 784, 784, 784, 286]"
875,8-100s,itr5,Node 2,"[793, 793, 793, 1858, 793, 793, 2279, 793, 872, 2555, 793, 1017, 3133, 793, 793, 793, 2371, 1569, 793, 1542, 793, 793, 793, 1635, 793, 793, 3094, 793, 793, 793, 2318, 2318, 793, 2305, 793, 1385, 793, 793, 793, 793, 1063, 784, 784, 784, 784, 286]"
876,8-100s,itr5,Node 1,"[793, 793, 793, 793, 793, 872, 793, 1017, 793, 793, 793, 793, 793, 2371, 793, 793, 1569, 793, 1542, 793, 793, 793, 793, 793, 793, 793, 793, 793, 793, 793, 793, 793, 793, 1385, 793, 793, 793, 1063, 784, 784, 784, 784, 286]"
877,8-100s,itr5,Node 3,"[793, 793, 793, 793, 793, 793, 793, 872, 1017, 793, 793, 793, 793, 793, 2371, 793, 1569, 793, 1542, 793, 793, 793, 793, 793, 793, 793, 793, 793, 793, 793, 2305, 793, 793, 793, 793, 793, 1063, 784, 784, 784, 784, 286]"
878,8-100s,itr6,Node4,"[793, 793, 1266, 793, 990, 793, 1043, 1135, 793, 793, 793, 1464, 793, 1332, 793, 1661, 793, 2463, 793, 2686, 793, 793, 793, 784, 784, 784, 784, 784, 784, 784, 784, 784, 784, 494]"
879,8-100s,itr6,Node5,"[793, 793, 793, 820, 990, 1043, 885, 1135, 793, 1990, 793, 1464, 793, 1332, 793, 1661, 793, 2463, 793, 2686, 793, 793, 793, 1077, 784, 784, 784, 784, 784, 784, 784, 784, 784, 784, 494]"
880,8-100s,itr6,Node 2,"[793, 793, 1266, 793, 1595, 990, 1043, 1648, 1135, 793, 1990, 1293, 793, 1464, 793, 1332, 1661, 793, 2463, 793, 2686, 793, 793, 793, 1077, 784, 784, 784, 784, 784, 784, 784, 784, 784, 784, 494]"
881,8-100s,itr6,Node 3,"[793, 793, 1266, 990, 1595, 1043, 1135, 1648, 793, 1293, 1990, 793, 1464, 793, 1332, 793, 1661, 793, 2463, 793, 2686, 793, 793, 793, 1077, 784, 784, 784, 784, 784, 784, 784, 784, 784, 784, 494]"
882,8-100s,itr6,Node 1,"[793, 793, 820, 793, 990, 885, 1043, 1135, 793, 793, 793, 1464, 793, 1332, 793, 1661, 793, 2463, 793, 2686, 793, 793, 793, 1077, 784, 784, 784, 784, 784, 784, 784, 784, 784, 494]"
883,8-100s,itr7,Node5,"[938, 793, 885, 1911, 793, 793, 793, 793, 793, 793, 793, 898, 793, 2502, 793, 938, 793, 793, 793, 1700, 793, 1293, 793, 1227, 793, 1201, 793, 2174, 793, 2305, 793, 1459, 784, 784, 784, 784, 784, 784, 213]"
884,8-100s,itr7,Node4,"[938, 1056, 793, 1122, 1911, 793, 793, 793, 793, 793, 1845, 898, 1727, 2568, 793, 1621, 2502, 793, 793, 793, 793, 793, 1700, 793, 1293, 793, 1227, 793, 1201, 793, 2174, 793, 2305, 793, 1459, 784, 784, 784, 784, 784, 784, 213]"
885,8-100s,itr7,Node 2,"[938, 1056, 1911, 1122, 793, 1174, 793, 793, 1845, 793, 898, 2568, 1727, 793, 2502, 793, 793, 938, 793, 1227, 793, 793, 1700, 793, 1293, 793, 1227, 793, 1201, 2174, 793, 2305, 793, 1459, 784, 784, 784, 784, 784, 784, 213]"
886,8-100s,itr7,Node 3,"[938, 1056, 793, 1911, 793, 793, 793, 793, 793, 793, 793, 898, 793, 1727, 793, 793, 2502, 793, 793, 793, 793, 793, 1700, 793, 1293, 793, 1227, 793, 1201, 793, 2174, 793, 2305, 793, 1459, 784, 784, 784, 784, 784, 784, 213]"
887,8-100s,itr7,Node 1,"[938, 1056, 885, 793, 1911, 793, 793, 793, 793, 793, 793, 793, 793, 898, 1188, 1727, 793, 793, 2502, 793, 793, 793, 793, 793, 1700, 793, 1293, 793, 1227, 793, 1201, 793, 2174, 793, 2305, 793, 1459, 784, 784, 784, 784, 784, 784, 213]"
888,8-100s,itr8,Node4,"[1266, 872, 990, 1700, 793, 793, 793, 793, 793, 1924, 793, 793, 793, 793, 793, 793, 793, 793, 793, 793, 793, 1621, 793, 1383, 784, 784, 784, 784, 784, 784, 784, 784, 784, 784, 437]"
889,8-100s,itr8,Node5,"[1266, 793, 990, 1700, 793, 793, 793, 793, 793, 1924, 793, 793, 793, 793, 793, 793, 793, 793, 3541, 793, 793, 793, 793, 1383, 784, 784, 784, 784, 784, 784, 784, 784, 784, 784, 437]"
890,8-100s,itr8,Node 1,"[1266, 990, 872, 1700, 793, 793, 793, 793, 1924, 793, 793, 793, 793, 793, 793, 793, 3541, 793, 793, 1621, 793, 1383, 784, 784, 784, 784, 784, 784, 784, 784, 784, 784, 437]"
891,8-100s,itr8,Node 2,"[1266, 793, 1700, 793, 793, 793, 1924, 793, 793, 793, 793, 793, 793, 3541, 3659, 793, 1030, 793, 1621, 793, 1383, 784, 784, 784, 784, 784, 784, 784, 784, 784, 784, 437]"
892,8-100s,itr8,Node 3,"[1266, 793, 990, 1700, 793, 793, 793, 793, 793, 1924, 793, 793, 793, 793, 793, 793, 793, 793, 3541, 793, 793, 793, 1621, 793, 1383, 784, 784, 784, 784, 784, 784, 784, 784, 784, 784, 437]"
893,8-100s,itr9,Node 2,"[1319, 793, 1148, 1293, 793, 1543, 793, 1030, 793, 793, 1017, 1096, 793, 793, 793, 793, 793, 793, 793, 793, 793, 793, 793, 846, 1280, 266]"
894,8-100s,itr9,Node 3,"[1319, 793, 1148, 793, 1293, 793, 793, 1543, 793, 793, 793, 793, 1017, 793, 793, 793, 793, 793, 793, 793, 793, 793, 793, 793, 846, 1280, 266]"
895,8-100s,itr9,Node4,"[1319, 793, 1148, 793, 793, 1293, 793, 793, 1543, 793, 793, 793, 793, 1017, 793, 793, 793, 793, 793, 793, 793, 793, 793, 793, 793, 793, 846, 1280, 266]"
896,8-100s,itr9,Node 1,"[1319, 793, 1148, 793, 793, 1293, 793, 793, 1543, 793, 793, 793, 793, 1017, 793, 793, 793, 793, 793, 793, 793, 793, 793, 793, 793, 793, 846, 1280, 266]"
897,8-100s,itr9,Node5,"[1319, 793, 1148, 793, 793, 1293, 793, 793, 1543, 793, 1030, 793, 1017, 793, 793, 793, 793, 793, 793, 793, 793, 793, 793, 793, 793, 793, 846, 1280, 266]"
898,8-100s,itr10,Node 1,"[885, 793, 1188, 793, 793, 793, 793, 793, 793, 793, 2239, 1056, 1963, 793, 793, 793, 793, 793, 793, 793, 793, 793, 1450, 2713, 793, 1661, 793, 1253, 521]"
899,8-100s,itr10,Node 2,"[1293, 925, 793, 1188, 793, 793, 1109, 793, 793, 2252, 793, 793, 793, 1056, 1963, 793, 793, 793, 793, 793, 793, 793, 793, 793, 793, 1450, 2713, 793, 1661, 793, 1253, 521]"
900,8-100s,itr10,Node 3,"[885, 1293, 793, 793, 1188, 793, 793, 793, 793, 793, 793, 2252, 793, 793, 1056, 1963, 793, 793, 793, 793, 793, 793, 793, 793, 793, 793, 1450, 2713, 793, 1661, 793, 1253, 521]"
901,8-100s,itr10,Node4,"[859, 1293, 793, 793, 1188, 793, 793, 793, 793, 793, 793, 793, 793, 793, 1056, 793, 793, 793, 793, 793, 793, 793, 793, 793, 793, 1450, 2713, 793, 1661, 793, 1253, 521]"
902,8-100s,itr10,Node5,"[885, 925, 1293, 793, 793, 1188, 793, 793, 793, 793, 2252, 793, 2239, 793, 1056, 1963, 793, 793, 793, 793, 793, 793, 793, 793, 793, 793, 1450, 2713, 793, 1661, 793, 1253, 521]"
